trading_date,spread_mid,contracts,price_01,front_contract
2018-07-26,1.2,"sc1809,sc1810",501.9,sc1809
2018-07-27,1.7,"sc1809,sc1810",506.1,sc1809
2018-07-30,1.4,"sc1809,sc1810",507.1,sc1809
2018-07-31,1.8,"sc1809,sc1810",513.9,sc1809
2018-08-01,1.2,"sc1809,sc1810",506.0,sc1809
2018-08-02,1.1,"sc1809,sc1810",501.6,sc1809
2018-08-03,1.9,"sc1809,sc1810",508.8,sc1809
2018-08-06,1.7,"sc1809,sc1810",512.3,sc1809
2018-08-07,3.0,"sc1809,sc1810",534.1,sc1809
2018-08-08,5.5,"sc1809,sc1810",527.2,sc1809
2018-08-09,6.0,"sc1809,sc1810",518.9,sc1809
2018-08-10,8.5,"sc1809,sc1810",520.0,sc1809
2018-08-13,10.1,"sc1809,sc1810",522.5,sc1809
2018-08-14,8.0,"sc1809,sc1810",519.3,sc1809
2018-08-15,7.3,"sc1809,sc1810",519.4,sc1809
2018-08-16,8.2,"sc1809,sc1810",508.0,sc1809
2018-08-17,7.5,"sc1809,sc1810",505.2,sc1809
2018-08-20,0.1,"sc1809,sc1810",493.2,sc1809
2018-08-21,-10.1,"sc1809,sc1810",480.5,sc1809
2018-08-22,-10.1,"sc1809,sc1810",479.8,sc1809
2018-08-23,-9.3,"sc1809,sc1810",485.0,sc1809
2018-08-24,-11.6,"sc1809,sc1810",482.1,sc1809
2018-08-27,-11.9,"sc1809,sc1810",482.2,sc1809
2018-08-28,-7.5,"sc1809,sc1810",486.6,sc1809
2018-08-29,-7.4,"sc1809,sc1810",485.7,sc1809
2018-08-30,-9.6,"sc1809,sc1810",488.6,sc1809
2018-08-31,-16.5,"sc1809,sc1810",488.3,sc1809
2018-09-03,-6.9,"sc1810,sc1811",503.0,sc1810
2018-09-04,-8.7,"sc1810,sc1811",504.6,sc1810
2018-09-05,-9.6,"sc1810,sc1811",505.4,sc1810
2018-09-06,-9.8,"sc1810,sc1811",501.1,sc1810
2018-09-07,-9.1,"sc1810,sc1811",496.7,sc1810
2018-09-10,-8.6,"sc1810,sc1811",498.5,sc1810
2018-09-11,-10.8,"sc1810,sc1811",500.6,sc1810
2018-09-12,-17.2,"sc1810,sc1811",503.6,sc1810
2018-09-13,-7.2,"sc1810,sc1811",515.3,sc1810
2018-09-14,-15.3,"sc1810,sc1811",501.3,sc1810
2018-09-17,-4.7,"sc1810,sc1811",510.3,sc1810
2018-09-18,-7.3,"sc1810,sc1811",507.7,sc1810
2018-09-19,10.5,"sc1810,sc1811",528.5,sc1810
2018-09-20,8.0,"sc1810,sc1811",532.4,sc1810
2018-09-21,-9.8,"sc1811,sc1812",521.7,sc1811
2018-09-25,-9.0,"sc1811,sc1812",540.6,sc1811
2018-09-26,-10.6,"sc1811,sc1812",542.6,sc1811
2018-09-27,-9.4,"sc1811,sc1812",545.3,sc1811
2018-09-28,-8.0,"sc1811,sc1812",548.3,sc1811
2018-10-08,-8.5,"sc1811,sc1812",561.2,sc1811
2018-10-10,-4.0,"sc1811,sc1812",583.0,sc1811
2018-10-11,-3.2,"sc1811,sc1812",579.7,sc1811
2018-10-12,-7.1,"sc1811,sc1812",562.6,sc1811
2018-10-15,-5.9,"sc1811,sc1812",563.6,sc1811
2018-10-16,-10.0,"sc1811,sc1812",555.3,sc1811
2018-10-17,-13.6,"sc1811,sc1812",543.4,sc1811
2018-10-18,6.2,"sc1811,sc1812",559.3,sc1811
2018-10-19,-2.2,"sc1811,sc1812",551.4,sc1811
2018-10-22,-7.1,"sc1811,sc1812",549.7,sc1811
2018-10-23,-2.2,"sc1811,sc1812",552.7,sc1811
2018-10-24,33.5,"sc1811,sc1812",572.0,sc1811
2018-10-25,16.2,"sc1811,sc1812",554.4,sc1811
2018-10-26,38.1,"sc1811,sc1812",577.5,sc1811
2018-10-29,36.4,"sc1811,sc1812",576.7,sc1811
2018-10-30,37.6,"sc1811,sc1812",576.7,sc1811
2018-10-31,40.8,"sc1811,sc1812",573.3,sc1811
2018-11-01,-6.6,"sc1812,sc1901",527.8,sc1812
2018-11-02,-4.9,"sc1812,sc1901",513.7,sc1812
2018-11-05,-5.0,"sc1812,sc1901",507.8,sc1812
2018-11-06,-5.6,"sc1812,sc1901",512.2,sc1812
2018-11-07,-5.0,"sc1812,sc1901",504.4,sc1812
2018-11-08,-3.8,"sc1812,sc1901",502.7,sc1812
2018-11-09,-4.4,"sc1812,sc1901",497.8,sc1812
2018-11-12,-5.5,"sc1812,sc1901",492.9,sc1812
2018-11-13,-6.8,"sc1812,sc1901",491.9,sc1812
2018-11-14,-4.3,"sc1812,sc1901",473.8,sc1812
2018-11-15,-7.7,"sc1812,sc1901",461.7,sc1812
2018-11-16,-8.0,"sc1812,sc1901",465.0,sc1812
2018-11-19,-8.1,"sc1812,sc1901",466.7,sc1812
2018-11-20,-8.1,"sc1812,sc1901",459.7,sc1812
2018-11-21,-7.6,"sc1812,sc1901",441.8,sc1812
2018-11-22,-8.6,"sc1812,sc1901",438.6,sc1812
2018-11-23,-8.7,"sc1812,sc1901",432.0,sc1812
2018-11-26,-7.8,"sc1812,sc1901",411.4,sc1812
2018-11-27,-13.0,"sc1812,sc1901",409.1,sc1812
2018-11-28,-10.6,"sc1812,sc1901",413.0,sc1812
2018-11-29,-9.8,"sc1812,sc1901",407.2,sc1812
2018-11-30,-19.3,"sc1812,sc1901",396.7,sc1812
2018-12-03,-5.9,"sc1901,sc1902",419.4,sc1901
2018-12-04,-5.2,"sc1901,sc1902",428.6,sc1901
2018-12-05,-5.1,"sc1901,sc1902",428.3,sc1901
2018-12-06,-4.5,"sc1901,sc1902",428.0,sc1901
2018-12-07,-5.0,"sc1901,sc1902",413.3,sc1901
2018-12-10,-5.3,"sc1901,sc1902",431.1,sc1901
2018-12-11,-5.6,"sc1901,sc1902",421.8,sc1901
2018-12-12,-4.9,"sc1901,sc1902",423.7,sc1901
2018-12-13,-3.8,"sc1901,sc1902",424.6,sc1901
2018-12-14,-3.1,"sc1901,sc1902",422.5,sc1901
2018-12-17,-4.0,"sc1901,sc1902",419.0,sc1901
2018-12-18,-5.4,"sc1901,sc1902",411.6,sc1901
2018-12-19,-5.8,"sc1901,sc1902",395.1,sc1901
2018-12-20,0.3,"sc1901,sc1902",398.1,sc1901
2018-12-21,10.2,"sc1901,sc1902",400.9,sc1901
2018-12-24,12.4,"sc1901,sc1902",394.5,sc1901
2018-12-25,13.8,"sc1901,sc1902",385.0,sc1901
2018-12-26,13.0,"sc1901,sc1902",374.7,sc1901
2018-12-27,10.2,"sc1901,sc1902",381.0,sc1901
2018-12-28,4.2,"sc1901,sc1902",377.0,sc1901
2019-01-02,-4.0,"sc1902,sc1903",370.7,sc1902
2019-01-03,-4.5,"sc1902,sc1903",379.8,sc1902
2019-01-04,-5.2,"sc1902,sc1903",388.7,sc1902
2019-01-07,-4.7,"sc1902,sc1903",401.4,sc1902
2019-01-08,-3.2,"sc1902,sc1903",405.1,sc1902
2019-01-09,-0.8,"sc1902,sc1903",412.2,sc1902
2019-01-10,0.6,"sc1902,sc1903",423.6,sc1902
2019-01-11,0.3,"sc1902,sc1903",424.5,sc1902
2019-01-14,-2.9,"sc1902,sc1903",416.3,sc1902
2019-01-15,-3.5,"sc1902,sc1903",412.4,sc1902
2019-01-16,-9.3,"sc1902,sc1903",410.5,sc1902
2019-01-17,-10.9,"sc1902,sc1903",411.8,sc1902
2019-01-18,-15.9,"sc1902,sc1903",410.5,sc1902
2019-01-21,-22.3,"sc1902,sc1903",414.6,sc1902
2019-01-22,-21.3,"sc1902,sc1903",417.2,sc1902
2019-01-23,-1.0,"sc1902,sc1903",427.6,sc1902
2019-01-24,-4.2,"sc1902,sc1903",423.6,sc1902
2019-01-25,-5.5,"sc1902,sc1903",422.6,sc1902
2019-01-28,-0.9,"sc1903,sc1904",427.8,sc1903
2019-01-29,-0.6,"sc1903,sc1904",417.9,sc1903
2019-01-30,1.4,"sc1903,sc1904",425.2,sc1903
2019-01-31,1.8,"sc1903,sc1904",431.4,sc1903
2019-02-01,2.3,"sc1903,sc1904",429.8,sc1903
2019-02-11,0.1,"sc1903,sc1904",428.2,sc1903
2019-02-12,-2.4,"sc1903,sc1904",428.7,sc1903
2019-02-13,-4.0,"sc1903,sc1904",433.3,sc1903
2019-02-14,-5.4,"sc1903,sc1904",435.9,sc1903
2019-02-15,-5.3,"sc1903,sc1904",441.7,sc1903
2019-02-18,-7.0,"sc1903,sc1904",450.6,sc1903
2019-02-20,-7.2,"sc1903,sc1904",451.2,sc1903
2019-02-21,-7.9,"sc1903,sc1904",449.6,sc1903
2019-02-22,-8.1,"sc1903,sc1904",446.4,sc1903
2019-02-25,-8.2,"sc1903,sc1904",446.3,sc1903
2019-02-26,-8.5,"sc1903,sc1904",426.8,sc1903
2019-02-27,-9.7,"sc1903,sc1904",427.3,sc1903
2019-02-28,-11.4,"sc1903,sc1904",430.1,sc1903
2019-03-01,-3.6,"sc1904,sc1905",443.0,sc1904
2019-03-04,-2.3,"sc1904,sc1905",438.4,sc1904
2019-03-05,-2.8,"sc1904,sc1905",438.4,sc1904
2019-03-06,-2.3,"sc1904,sc1905",433.8,sc1904
2019-03-07,-1.1,"sc1904,sc1905",439.7,sc1904
2019-03-08,-2.1,"sc1904,sc1905",439.9,sc1904
2019-03-11,-4.2,"sc1904,sc1905",432.9,sc1904
2019-03-12,-5.3,"sc1904,sc1905",444.9,sc1904
2019-03-13,-5.6,"sc1904,sc1905",444.2,sc1904
2019-03-14,-3.3,"sc1904,sc1905",450.4,sc1904
2019-03-15,-1.6,"sc1904,sc1905",452.2,sc1904
2019-03-18,0.9,"sc1904,sc1905",450.1,sc1904
2019-03-19,6.0,"sc1904,sc1905",461.8,sc1904
2019-03-20,7.5,"sc1904,sc1905",462.5,sc1904
2019-03-21,6.2,"sc1904,sc1905",466.3,sc1904
2019-03-22,7.1,"sc1904,sc1905",467.7,sc1904
2019-03-25,7.7,"sc1904,sc1905",459.0,sc1904
2019-03-26,5.1,"sc1904,sc1905",459.1,sc1904
2019-03-27,4.4,"sc1904,sc1905",463.3,sc1904
2019-03-28,6.0,"sc1904,sc1905",462.2,sc1904
2019-03-29,-0.9,"sc1904,sc1905",453.5,sc1904
2019-04-01,1.5,"sc1905,sc1906",459.4,sc1905
2019-04-02,1.8,"sc1905,sc1906",467.5,sc1905
2019-04-03,2.2,"sc1905,sc1906",471.7,sc1905
2019-04-04,1.5,"sc1905,sc1906",469.5,sc1905
2019-04-08,-0.4,"sc1905,sc1906",478.2,sc1905
2019-04-09,0.4,"sc1905,sc1906",479.3,sc1905
2019-04-10,0.0,"sc1905,sc1906",475.7,sc1905
2019-04-11,0.6,"sc1905,sc1906",480.3,sc1905
2019-04-12,-0.2,"sc1905,sc1906",475.8,sc1905
2019-04-15,-0.5,"sc1905,sc1906",473.7,sc1905
2019-04-16,-3.4,"sc1905,sc1906",468.2,sc1905
2019-04-17,-3.1,"sc1905,sc1906",470.7,sc1905
2019-04-18,-2.0,"sc1905,sc1906",472.0,sc1905
2019-04-19,-2.0,"sc1905,sc1906",472.5,sc1905
2019-04-22,-1.7,"sc1905,sc1906",480.3,sc1905
2019-04-23,-4.8,"sc1905,sc1906",489.0,sc1905
2019-04-24,-4.5,"sc1905,sc1906",493.2,sc1905
2019-04-25,-5.4,"sc1905,sc1906",494.7,sc1905
2019-04-26,-4.1,"sc1905,sc1906",499.5,sc1905
2019-04-29,0.9,"sc1905,sc1906",485.7,sc1905
2019-04-30,2.7,"sc1905,sc1906",488.1,sc1905
2019-05-06,0.7,"sc1906,sc1907",472.5,sc1906
2019-05-07,1.1,"sc1906,sc1907",483.5,sc1906
2019-05-08,1.7,"sc1906,sc1907",480.2,sc1906
2019-05-09,2.1,"sc1906,sc1907",482.6,sc1906
2019-05-10,1.8,"sc1906,sc1907",486.1,sc1906
2019-05-13,1.4,"sc1906,sc1907",491.3,sc1906
2019-05-14,1.6,"sc1906,sc1907",497.1,sc1906
2019-05-15,2.3,"sc1906,sc1907",501.2,sc1906
2019-05-16,1.8,"sc1906,sc1907",505.5,sc1906
2019-05-17,2.2,"sc1906,sc1907",512.3,sc1906
2019-05-20,2.5,"sc1906,sc1907",514.2,sc1906
2019-05-21,-1.4,"sc1906,sc1907",507.1,sc1906
2019-05-22,-2.1,"sc1906,sc1907",504.0,sc1906
2019-05-23,-3.0,"sc1906,sc1907",494.0,sc1906
2019-05-24,-1.2,"sc1906,sc1907",469.7,sc1906
2019-05-27,3.0,"sc1906,sc1907",473.7,sc1906
2019-05-28,-0.8,"sc1906,sc1907",475.0,sc1906
2019-05-29,-5.3,"sc1906,sc1907",470.2,sc1906
2019-05-30,-7.0,"sc1906,sc1907",466.1,sc1906
2019-05-31,1.2,"sc1906,sc1907",461.2,sc1906
2019-06-03,1.8,"sc1907,sc1908",435.2,sc1907
2019-06-04,-1.3,"sc1907,sc1908",425.5,sc1907
2019-06-05,-1.5,"sc1907,sc1908",426.2,sc1907
2019-06-06,-1.1,"sc1907,sc1908",417.6,sc1907
2019-06-10,-0.8,"sc1907,sc1908",434.5,sc1907
2019-06-11,-1.3,"sc1907,sc1908",429.9,sc1907
2019-06-12,-2.6,"sc1907,sc1908",426.1,sc1907
2019-06-13,-1.4,"sc1907,sc1908",420.2,sc1907
2019-06-14,-1.2,"sc1907,sc1908",425.5,sc1907
2019-06-17,-0.7,"sc1907,sc1908",427.3,sc1907
2019-06-18,-0.9,"sc1907,sc1908",419.6,sc1907
2019-06-19,-5.6,"sc1907,sc1908",420.0,sc1907
2019-06-20,-6.6,"sc1907,sc1908",418.9,sc1907
2019-06-21,-7.5,"sc1907,sc1908",431.6,sc1907
2019-06-24,-8.6,"sc1907,sc1908",436.8,sc1907
2019-06-25,-9.6,"sc1907,sc1908",431.2,sc1907
2019-06-26,-12.8,"sc1907,sc1908",432.9,sc1907
2019-06-27,-14.8,"sc1907,sc1908",435.9,sc1907
2019-06-28,-10.6,"sc1907,sc1908",437.4,sc1907
2019-07-01,-0.7,"sc1908,sc1909",447.3,sc1908
2019-07-02,-1.8,"sc1908,sc1909",442.0,sc1908
2019-07-03,-3.8,"sc1908,sc1909",430.2,sc1908
2019-07-04,-2.6,"sc1908,sc1909",431.9,sc1908
2019-07-05,-3.0,"sc1908,sc1909",431.3,sc1908
2019-07-08,-2.8,"sc1908,sc1909",439.1,sc1908
2019-07-09,-0.9,"sc1908,sc1909",443.9,sc1908
2019-07-10,-0.9,"sc1908,sc1909",441.6,sc1908
2019-07-11,-0.9,"sc1908,sc1909",455.7,sc1908
2019-07-12,-1.1,"sc1908,sc1909",457.8,sc1908
2019-07-15,-1.5,"sc1908,sc1909",454.8,sc1908
2019-07-16,-2.3,"sc1908,sc1909",453.0,sc1908
2019-07-17,-4.3,"sc1908,sc1909",443.7,sc1908
2019-07-18,-5.2,"sc1908,sc1909",433.5,sc1908
2019-07-19,-6.9,"sc1908,sc1909",421.6,sc1908
2019-07-22,-7.0,"sc1908,sc1909",423.1,sc1908
2019-07-23,-7.0,"sc1908,sc1909",427.4,sc1908
2019-07-24,-7.1,"sc1908,sc1909",430.4,sc1908
2019-07-25,-7.1,"sc1908,sc1909",433.4,sc1908
2019-07-26,-6.3,"sc1908,sc1909",435.8,sc1908
2019-07-29,-5.8,"sc1908,sc1909",435.5,sc1908
2019-07-30,-16.3,"sc1908,sc1909",425.2,sc1908
2019-07-31,-17.2,"sc1908,sc1909",427.5,sc1908
2019-08-01,-3.3,"sc1909,sc1910",444.0,sc1909
2019-08-02,-2.8,"sc1909,sc1910",432.1,sc1909
2019-08-05,-2.6,"sc1909,sc1910",433.5,sc1909
2019-08-06,-1.9,"sc1909,sc1910",429.4,sc1909
2019-08-07,-1.6,"sc1909,sc1910",423.3,sc1909
2019-08-08,-0.9,"sc1909,sc1910",408.6,sc1909
2019-08-09,0.1,"sc1909,sc1910",409.9,sc1909
2019-08-12,1.1,"sc1909,sc1910",418.8,sc1909
2019-08-13,0.8,"sc1909,sc1910",419.7,sc1909
2019-08-14,2.3,"sc1909,sc1910",430.9,sc1909
2019-08-15,2.1,"sc1909,sc1910",420.5,sc1909
2019-08-16,4.1,"sc1909,sc1910",418.6,sc1909
2019-08-19,6.6,"sc1909,sc1910",425.7,sc1909
2019-08-20,7.3,"sc1909,sc1910",432.8,sc1909
2019-08-21,5.8,"sc1909,sc1910",429.5,sc1909
2019-08-22,5.3,"sc1909,sc1910",432.7,sc1909
2019-08-23,2.9,"sc1909,sc1910",428.5,sc1909
2019-08-26,1.5,"sc1909,sc1910",422.8,sc1909
2019-08-27,2.6,"sc1909,sc1910",425.2,sc1909
2019-08-28,-0.8,"sc1909,sc1910",423.0,sc1909
2019-08-29,-1.7,"sc1909,sc1910",429.0,sc1909
2019-08-30,-24.7,"sc1909,sc1910",411.8,sc1909
2019-09-02,3.9,"sc1910,sc1911",432.7,sc1910
2019-09-03,3.6,"sc1910,sc1911",430.3,sc1910
2019-09-04,3.9,"sc1910,sc1911",425.5,sc1910
2019-09-05,4.1,"sc1910,sc1911",439.2,sc1910
2019-09-06,4.2,"sc1910,sc1911",445.1,sc1910
2019-09-09,5.9,"sc1910,sc1911",444.6,sc1910
2019-09-10,2.1,"sc1910,sc1911",450.1,sc1910
2019-09-11,11.0,"sc1910,sc1911",460.9,sc1910
2019-09-12,10.1,"sc1910,sc1911",450.3,sc1910
2019-09-16,6.6,"sc1910,sc1911",479.8,sc1910
2019-09-17,11.6,"sc1910,sc1911",496.7,sc1910
2019-09-18,14.9,"sc1910,sc1911",487.2,sc1910
2019-09-19,10.2,"sc1910,sc1911",473.5,sc1910
2019-09-20,-5.7,"sc1910,sc1911",458.5,sc1910
2019-09-23,5.9,"sc1910,sc1911",472.7,sc1910
2019-09-24,5.5,"sc1911,sc1912",464.3,sc1911
2019-09-25,5.9,"sc1911,sc1912",457.2,sc1911
2019-09-26,5.8,"sc1911,sc1912",449.8,sc1911
2019-09-27,5.3,"sc1911,sc1912",448.7,sc1911
2019-09-30,4.9,"sc1911,sc1912",448.1,sc1911
2019-10-08,4.2,"sc1911,sc1912",437.6,sc1911
2019-10-09,5.6,"sc1911,sc1912",447.0,sc1911
2019-10-10,6.5,"sc1911,sc1912",451.7,sc1911
2019-10-11,7.3,"sc1911,sc1912",458.1,sc1911
2019-10-14,6.5,"sc1911,sc1912",471.7,sc1911
2019-10-15,7.5,"sc1911,sc1912",466.6,sc1911
2019-10-16,9.6,"sc1911,sc1912",465.1,sc1911
2019-10-17,2.8,"sc1911,sc1912",451.4,sc1911
2019-10-18,0.2,"sc1911,sc1912",445.1,sc1911
2019-10-21,-2.7,"sc1911,sc1912",443.2,sc1911
2019-10-22,-5.5,"sc1911,sc1912",437.2,sc1911
2019-10-23,-5.5,"sc1911,sc1912",438.6,sc1911
2019-10-24,-5.6,"sc1911,sc1912",441.3,sc1911
2019-10-25,-1.5,"sc1911,sc1912",451.1,sc1911
2019-10-28,-6.6,"sc1911,sc1912",447.9,sc1911
2019-10-29,1.0,"sc1911,sc1912",456.7,sc1911
2019-10-30,-3.6,"sc1911,sc1912",451.1,sc1911
2019-10-31,1.4,"sc1911,sc1912",452.8,sc1911
2019-11-01,4.0,"sc1912,sc2001",444.3,sc1912
2019-11-04,3.4,"sc1912,sc2001",449.3,sc1912
2019-11-05,4.6,"sc1912,sc2001",458.4,sc1912
2019-11-06,4.1,"sc1912,sc2001",459.6,sc1912
2019-11-07,2.7,"sc1912,sc2001",456.4,sc1912
2019-11-08,2.4,"sc1912,sc2001",456.0,sc1912
2019-11-11,1.7,"sc1912,sc2001",452.8,sc1912
2019-11-12,1.3,"sc1912,sc2001",455.9,sc1912
2019-11-13,-0.2,"sc1912,sc2001",453.9,sc1912
2019-11-14,-0.2,"sc1912,sc2001",453.4,sc1912
2019-11-15,-0.7,"sc1912,sc2001",453.9,sc1912
2019-11-18,0.3,"sc1912,sc2001",453.7,sc1912
2019-11-19,1.6,"sc1912,sc2001",454.0,sc1912
2019-11-20,4.2,"sc1912,sc2001",451.2,sc1912
2019-11-21,5.0,"sc1912,sc2001",454.8,sc1912
2019-11-22,-3.6,"sc1912,sc2001",453.8,sc1912
2019-11-25,-5.2,"sc1912,sc2001",456.1,sc1912
2019-11-26,-6.7,"sc1912,sc2001",454.6,sc1912
2019-11-27,-6.2,"sc1912,sc2001",456.2,sc1912
2019-11-28,-14.6,"sc1912,sc2001",447.3,sc1912
2019-11-29,-10.9,"sc1912,sc2001",451.2,sc1912
2019-12-02,4.3,"sc2001,sc2002",454.8,sc2001
2019-12-03,4.2,"sc2001,sc2002",451.7,sc2001
2019-12-04,3.4,"sc2001,sc2002",449.2,sc2001
2019-12-05,1.7,"sc2001,sc2002",456.3,sc2001
2019-12-06,0.9,"sc2001,sc2002",458.0,sc2001
2019-12-09,2.8,"sc2001,sc2002",464.8,sc2001
2019-12-10,2.8,"sc2001,sc2002",469.2,sc2001
2019-12-11,4.1,"sc2001,sc2002",470.9,sc2001
2019-12-12,1.2,"sc2001,sc2002",466.1,sc2001
2019-12-13,-4.0,"sc2001,sc2002",462.2,sc2001
2019-12-16,-3.1,"sc2001,sc2002",467.4,sc2001
2019-12-17,-1.7,"sc2001,sc2002",470.2,sc2001
2019-12-18,5.4,"sc2001,sc2002",480.4,sc2001
2019-12-19,-0.8,"sc2001,sc2002",476.3,sc2001
2019-12-20,-12.0,"sc2001,sc2002",468.0,sc2001
2019-12-23,1.8,"sc2002,sc2003",478.1,sc2002
2019-12-24,2.5,"sc2002,sc2003",479.1,sc2002
2019-12-25,2.5,"sc2002,sc2003",483.6,sc2002
2019-12-26,2.2,"sc2002,sc2003",484.4,sc2002
2019-12-27,1.6,"sc2002,sc2003",487.1,sc2002
2019-12-30,1.9,"sc2002,sc2003",490.2,sc2002
2019-12-31,1.3,"sc2002,sc2003",487.5,sc2002
2020-01-02,0.6,"sc2002,sc2003",481.7,sc2002
2020-01-03,1.0,"sc2002,sc2003",486.5,sc2002
2020-01-06,0.1,"sc2002,sc2003",507.8,sc2002
2020-01-07,-6.6,"sc2002,sc2003",499.9,sc2002
2020-01-08,-7.3,"sc2002,sc2003",498.4,sc2002
2020-01-09,-7.0,"sc2002,sc2003",483.2,sc2002
2020-01-10,-8.3,"sc2002,sc2003",470.9,sc2002
2020-01-13,-8.7,"sc2002,sc2003",468.8,sc2002
2020-01-14,-11.5,"sc2002,sc2003",458.6,sc2002
2020-01-15,-8.1,"sc2002,sc2003",458.0,sc2002
2020-01-16,-9.9,"sc2002,sc2003",453.3,sc2002
2020-01-17,4.5,"sc2003,sc2004",465.3,sc2003
2020-01-20,4.0,"sc2003,sc2004",466.1,sc2003
2020-01-21,2.6,"sc2003,sc2004",464.0,sc2003
2020-01-22,1.0,"sc2003,sc2004",461.0,sc2003
2020-01-23,0.4,"sc2003,sc2004",451.1,sc2003
2020-02-03,1.0,"sc2003,sc2004",431.3,sc2003
2020-02-04,-2.5,"sc2003,sc2004",396.5,sc2003
2020-02-05,-3.3,"sc2003,sc2004",396.8,sc2003
2020-02-06,-5.4,"sc2003,sc2004",402.3,sc2003
2020-02-07,-6.2,"sc2003,sc2004",398.4,sc2003
2020-02-10,-6.3,"sc2003,sc2004",393.5,sc2003
2020-02-11,-6.7,"sc2003,sc2004",391.7,sc2003
2020-02-12,-7.4,"sc2003,sc2004",394.5,sc2003
2020-02-13,-7.7,"sc2003,sc2004",400.0,sc2003
2020-02-14,-8.0,"sc2003,sc2004",399.6,sc2003
2020-02-17,-8.2,"sc2003,sc2004",401.5,sc2003
2020-02-18,-8.5,"sc2003,sc2004",399.2,sc2003
2020-02-19,-7.9,"sc2003,sc2004",403.8,sc2003
2020-02-20,-7.8,"sc2003,sc2004",411.9,sc2003
2020-02-21,-7.9,"sc2003,sc2004",408.9,sc2003
2020-02-24,-8.1,"sc2003,sc2004",393.1,sc2003
2020-02-25,-9.2,"sc2003,sc2004",388.3,sc2003
2020-02-26,-9.0,"sc2003,sc2004",377.9,sc2003
2020-02-27,-8.8,"sc2003,sc2004",360.3,sc2003
2020-02-28,-10.4,"sc2003,sc2004",347.0,sc2003
2020-03-02,-7.1,"sc2004,sc2005",359.7,sc2004
2020-03-03,-5.9,"sc2004,sc2005",372.4,sc2004
2020-03-04,-6.9,"sc2004,sc2005",368.5,sc2004
2020-03-05,-7.5,"sc2004,sc2005",366.6,sc2004
2020-03-06,-7.7,"sc2004,sc2005",351.9,sc2004
2020-03-09,-7.1,"sc2004,sc2005",340.4,sc2004
2020-03-10,-6.8,"sc2004,sc2005",325.5,sc2004
2020-03-11,-7.9,"sc2004,sc2005",275.2,sc2004
2020-03-12,-7.6,"sc2004,sc2005",252.6,sc2004
2020-03-13,-7.2,"sc2004,sc2005",252.7,sc2004
2020-03-16,-7.2,"sc2004,sc2005",250.1,sc2004
2020-03-17,-7.2,"sc2004,sc2005",239.4,sc2004
2020-03-18,-6.6,"sc2004,sc2005",232.3,sc2004
2020-03-19,-7.2,"sc2004,sc2005",215.0,sc2004
2020-03-20,-8.2,"sc2004,sc2005",232.9,sc2004
2020-03-23,-6.2,"sc2004,sc2005",229.8,sc2004
2020-03-24,-7.3,"sc2004,sc2005",245.4,sc2004
2020-03-25,-7.2,"sc2004,sc2005",251.4,sc2004
2020-03-26,-6.9,"sc2004,sc2005",249.1,sc2004
2020-03-27,-7.6,"sc2004,sc2005",243.8,sc2004
2020-03-30,-3.2,"sc2004,sc2005",239.1,sc2004
2020-03-31,-12.9,"sc2004,sc2005",245.1,sc2004
2020-04-01,-6.0,"sc2005,sc2006",256.9,sc2005
2020-04-02,-6.9,"sc2005,sc2006",267.4,sc2005
2020-04-03,-7.0,"sc2005,sc2006",278.3,sc2005
2020-04-07,-6.8,"sc2005,sc2006",289.2,sc2005
2020-04-08,-7.1,"sc2005,sc2006",285.9,sc2005
2020-04-09,-6.9,"sc2005,sc2006",293.4,sc2005
2020-04-10,-7.0,"sc2005,sc2006",285.0,sc2005
2020-04-13,-7.3,"sc2005,sc2006",286.5,sc2005
2020-04-14,-7.8,"sc2005,sc2006",276.3,sc2005
2020-04-15,-7.5,"sc2005,sc2006",267.7,sc2005
2020-04-16,-9.0,"sc2005,sc2006",258.4,sc2005
2020-04-17,-7.0,"sc2005,sc2006",245.3,sc2005
2020-04-20,-7.2,"sc2005,sc2006",234.2,sc2005
2020-04-21,-6.6,"sc2005,sc2006",228.2,sc2005
2020-04-22,-5.3,"sc2005,sc2006",205.4,sc2005
2020-04-23,-7.5,"sc2005,sc2006",213.7,sc2005
2020-04-24,-6.9,"sc2005,sc2006",225.2,sc2005
2020-04-27,-7.1,"sc2005,sc2006",212.7,sc2005
2020-04-28,-6.7,"sc2005,sc2006",202.2,sc2005
2020-04-29,-9.3,"sc2005,sc2006",212.9,sc2005
2020-04-30,-7.3,"sc2005,sc2006",227.2,sc2005
2020-05-06,-18.1,"sc2006,sc2007",248.2,sc2006
2020-05-07,-14.9,"sc2006,sc2007",246.8,sc2006
2020-05-08,-14.1,"sc2006,sc2007",247.1,sc2006
2020-05-11,-15.2,"sc2006,sc2007",243.7,sc2006
2020-05-12,-15.7,"sc2006,sc2007",241.1,sc2006
2020-05-13,-15.3,"sc2006,sc2007",237.4,sc2006
2020-05-14,-15.7,"sc2006,sc2007",231.6,sc2006
2020-05-15,-16.5,"sc2006,sc2007",238.7,sc2006
2020-05-18,-15.3,"sc2006,sc2007",246.7,sc2006
2020-05-19,-14.2,"sc2006,sc2007",258.5,sc2006
2020-05-20,-13.6,"sc2006,sc2007",254.3,sc2006
2020-05-21,-13.2,"sc2006,sc2007",261.8,sc2006
2020-05-22,-13.3,"sc2006,sc2007",258.5,sc2006
2020-05-25,-14.2,"sc2006,sc2007",253.8,sc2006
2020-05-26,-14.2,"sc2006,sc2007",259.2,sc2006
2020-05-27,-14.3,"sc2006,sc2007",258.4,sc2006
2020-05-28,-15.7,"sc2006,sc2007",258.0,sc2006
2020-05-29,-14.3,"sc2006,sc2007",261.1,sc2006
2020-06-01,-14.4,"sc2007,sc2008",276.8,sc2007
2020-06-02,-14.4,"sc2007,sc2008",278.3,sc2007
2020-06-03,-13.1,"sc2007,sc2008",286.7,sc2007
2020-06-04,-14.4,"sc2007,sc2008",284.3,sc2007
2020-06-05,-14.4,"sc2007,sc2008",282.2,sc2007
2020-06-08,-14.5,"sc2007,sc2008",292.1,sc2007
2020-06-09,-14.6,"sc2007,sc2008",290.4,sc2007
2020-06-10,-14.4,"sc2007,sc2008",288.3,sc2007
2020-06-11,-14.5,"sc2007,sc2008",285.4,sc2007
2020-06-12,-14.7,"sc2007,sc2008",270.5,sc2007
2020-06-15,-15.2,"sc2007,sc2008",267.8,sc2007
2020-06-16,-15.2,"sc2007,sc2008",270.2,sc2007
2020-06-17,-14.9,"sc2007,sc2008",279.5,sc2007
2020-06-18,-14.8,"sc2007,sc2008",279.7,sc2007
2020-06-19,-14.5,"sc2007,sc2008",281.9,sc2007
2020-06-22,-14.2,"sc2007,sc2008",284.4,sc2007
2020-06-23,-13.7,"sc2007,sc2008",285.0,sc2007
2020-06-24,-13.2,"sc2007,sc2008",285.4,sc2007
2020-06-29,-13.5,"sc2007,sc2008",273.2,sc2007
2020-06-30,-11.3,"sc2007,sc2008",281.2,sc2007
2020-07-01,-12.3,"sc2008,sc2009",292.0,sc2008
2020-07-02,-11.8,"sc2008,sc2009",294.5,sc2008
2020-07-03,-11.7,"sc2008,sc2009",298.6,sc2008
2020-07-06,-11.9,"sc2008,sc2009",296.8,sc2008
2020-07-07,-13.0,"sc2008,sc2009",297.8,sc2008
2020-07-08,-12.2,"sc2008,sc2009",298.7,sc2008
2020-07-09,-12.9,"sc2008,sc2009",299.1,sc2008
2020-07-10,-13.0,"sc2008,sc2009",293.8,sc2008
2020-07-13,-12.7,"sc2008,sc2009",296.2,sc2008
2020-07-14,-13.0,"sc2008,sc2009",293.5,sc2008
2020-07-15,-12.5,"sc2008,sc2009",294.9,sc2008
2020-07-16,-12.9,"sc2008,sc2009",293.1,sc2008
2020-07-17,-12.8,"sc2008,sc2009",289.6,sc2008
2020-07-20,-12.9,"sc2008,sc2009",284.0,sc2008
2020-07-21,-13.6,"sc2008,sc2009",284.8,sc2008
2020-07-22,-13.4,"sc2008,sc2009",289.2,sc2008
2020-07-23,-13.3,"sc2008,sc2009",286.6,sc2008
2020-07-24,-13.3,"sc2008,sc2009",286.2,sc2008
2020-07-27,-13.0,"sc2008,sc2009",282.1,sc2008
2020-07-28,-12.9,"sc2008,sc2009",278.4,sc2008
2020-07-29,-13.3,"sc2008,sc2009",276.7,sc2008
2020-07-30,-13.4,"sc2008,sc2009",279.5,sc2008
2020-07-31,-12.4,"sc2008,sc2009",274.1,sc2008
2020-08-03,-10.1,"sc2009,sc2010",281.7,sc2009
2020-08-04,-9.7,"sc2009,sc2010",282.3,sc2009
2020-08-05,-9.5,"sc2009,sc2010",280.7,sc2009
2020-08-06,-9.7,"sc2009,sc2010",282.5,sc2009
2020-08-07,-9.6,"sc2009,sc2010",282.5,sc2009
2020-08-10,-9.6,"sc2009,sc2010",281.9,sc2009
2020-08-11,-9.5,"sc2009,sc2010",284.6,sc2009
2020-08-12,-9.7,"sc2009,sc2010",284.2,sc2009
2020-08-13,-9.7,"sc2009,sc2010",283.6,sc2009
2020-08-14,-9.9,"sc2009,sc2010",282.3,sc2009
2020-08-17,-10.0,"sc2009,sc2010",280.2,sc2009
2020-08-18,-10.0,"sc2009,sc2010",279.1,sc2009
2020-08-19,-10.3,"sc2009,sc2010",277.3,sc2009
2020-08-20,-10.8,"sc2009,sc2010",278.4,sc2009
2020-08-21,-10.0,"sc2009,sc2010",276.0,sc2009
2020-08-24,-9.9,"sc2009,sc2010",277.9,sc2009
2020-08-25,-10.0,"sc2009,sc2010",280.3,sc2009
2020-08-26,-10.0,"sc2009,sc2010",284.9,sc2009
2020-08-27,-10.6,"sc2009,sc2010",284.3,sc2009
2020-08-28,-11.1,"sc2009,sc2010",282.4,sc2009
2020-08-31,-12.3,"sc2009,sc2010",283.3,sc2009
2020-09-01,-14.3,"sc2010,sc2011",295.7,sc2010
2020-09-02,-14.4,"sc2010,sc2011",293.5,sc2010
2020-09-03,-14.3,"sc2010,sc2011",288.2,sc2010
2020-09-04,-14.3,"sc2010,sc2011",285.0,sc2010
2020-09-07,-14.6,"sc2010,sc2011",279.3,sc2010
2020-09-08,-14.8,"sc2010,sc2011",273.9,sc2010
2020-09-09,-14.6,"sc2010,sc2011",251.4,sc2010
2020-09-10,-15.7,"sc2010,sc2011",250.6,sc2010
2020-09-11,-15.8,"sc2010,sc2011",247.6,sc2010
2020-09-14,-15.7,"sc2010,sc2011",245.8,sc2010
2020-09-15,-15.6,"sc2010,sc2011",245.5,sc2010
2020-09-16,-15.5,"sc2010,sc2011",251.3,sc2010
2020-09-17,-15.5,"sc2010,sc2011",256.2,sc2010
2020-09-18,-15.3,"sc2010,sc2011",260.0,sc2010
2020-09-21,-15.4,"sc2010,sc2011",263.9,sc2010
2020-09-22,-15.0,"sc2010,sc2011",252.9,sc2010
2020-09-23,-12.1,"sc2010,sc2011",253.6,sc2010
2020-09-24,-12.1,"sc2011,sc2012",265.1,sc2011
2020-09-25,-11.9,"sc2011,sc2012",265.7,sc2011
2020-09-28,-12.2,"sc2011,sc2012",265.0,sc2011
2020-09-29,-12.4,"sc2011,sc2012",264.8,sc2011
2020-09-30,-12.7,"sc2011,sc2012",257.8,sc2011
2020-10-09,-12.5,"sc2011,sc2012",263.5,sc2011
2020-10-12,-12.7,"sc2011,sc2012",263.2,sc2011
2020-10-13,-12.7,"sc2011,sc2012",259.5,sc2011
2020-10-14,-12.6,"sc2011,sc2012",258.0,sc2011
2020-10-15,-12.4,"sc2011,sc2012",260.8,sc2011
2020-10-16,-12.8,"sc2011,sc2012",258.7,sc2011
2020-10-19,-12.8,"sc2011,sc2012",260.2,sc2011
2020-10-20,-12.6,"sc2011,sc2012",258.8,sc2011
2020-10-21,-12.9,"sc2011,sc2012",257.3,sc2011
2020-10-22,-12.6,"sc2011,sc2012",254.2,sc2011
2020-10-23,-12.6,"sc2011,sc2012",254.1,sc2011
2020-10-26,-12.6,"sc2011,sc2012",248.5,sc2011
2020-10-27,-11.9,"sc2011,sc2012",243.7,sc2011
2020-10-28,-12.3,"sc2011,sc2012",243.4,sc2011
2020-10-29,-13.4,"sc2011,sc2012",228.0,sc2011
2020-10-30,-10.4,"sc2011,sc2012",218.3,sc2011
2020-11-02,-9.6,"sc2012,sc2101",224.9,sc2012
2020-11-03,-8.2,"sc2012,sc2101",230.2,sc2012
2020-11-04,-9.5,"sc2012,sc2101",234.8,sc2012
2020-11-05,-9.6,"sc2012,sc2101",236.5,sc2012
2020-11-06,-9.1,"sc2012,sc2101",235.3,sc2012
2020-11-09,-8.9,"sc2012,sc2101",234.2,sc2012
2020-11-10,-8.5,"sc2012,sc2101",247.7,sc2012
2020-11-11,-8.7,"sc2012,sc2101",251.4,sc2012
2020-11-12,-9.3,"sc2012,sc2101",253.7,sc2012
2020-11-13,-8.7,"sc2012,sc2101",252.4,sc2012
2020-11-16,-7.3,"sc2012,sc2101",251.0,sc2012
2020-11-17,-9.2,"sc2012,sc2101",252.3,sc2012
2020-11-18,-9.9,"sc2012,sc2101",250.0,sc2012
2020-11-19,-9.8,"sc2012,sc2101",251.0,sc2012
2020-11-20,-10.0,"sc2012,sc2101",251.6,sc2012
2020-11-23,-10.3,"sc2012,sc2101",253.4,sc2012
2020-11-24,-10.2,"sc2012,sc2101",259.5,sc2012
2020-11-25,-10.9,"sc2012,sc2101",279.0,sc2012
2020-11-26,-10.9,"sc2012,sc2101",280.2,sc2012
2020-11-27,-11.0,"sc2012,sc2101",278.3,sc2012
2020-11-30,-17.4,"sc2012,sc2101",271.8,sc2012
2020-12-01,-12.7,"sc2101,sc2102",286.4,sc2101
2020-12-02,-12.8,"sc2101,sc2102",285.1,sc2101
2020-12-03,-12.3,"sc2101,sc2102",288.5,sc2101
2020-12-04,-12.7,"sc2101,sc2102",291.1,sc2101
2020-12-07,-12.9,"sc2101,sc2102",294.0,sc2101
2020-12-08,-12.9,"sc2101,sc2102",291.9,sc2101
2020-12-09,-12.7,"sc2101,sc2102",285.0,sc2101
2020-12-10,-12.5,"sc2101,sc2102",284.8,sc2101
2020-12-11,-13.2,"sc2101,sc2102",291.1,sc2101
2020-12-14,-13.8,"sc2101,sc2102",289.4,sc2101
2020-12-15,-13.6,"sc2101,sc2102",287.8,sc2101
2020-12-16,-11.0,"sc2101,sc2102",290.9,sc2101
2020-12-17,-10.6,"sc2101,sc2102",297.4,sc2101
2020-12-18,-13.4,"sc2101,sc2102",302.7,sc2101
2020-12-21,-12.2,"sc2101,sc2102",303.5,sc2101
2020-12-22,-11.0,"sc2101,sc2102",295.4,sc2101
2020-12-23,-10.8,"sc2101,sc2102",284.6,sc2101
2020-12-24,-10.3,"sc2101,sc2102",291.6,sc2101
2020-12-25,-6.3,"sc2102,sc2103",307.3,sc2102
2020-12-28,-5.7,"sc2102,sc2103",309.1,sc2102
2020-12-29,-5.3,"sc2102,sc2103",307.2,sc2102
2020-12-30,-6.2,"sc2102,sc2103",304.7,sc2102
2020-12-31,-6.9,"sc2102,sc2103",303.2,sc2102
2021-01-04,-6.1,"sc2102,sc2103",315.0,sc2102
2021-01-05,-6.2,"sc2102,sc2103",312.9,sc2102
2021-01-06,-5.7,"sc2102,sc2103",319.8,sc2102
2021-01-07,-5.9,"sc2102,sc2103",328.1,sc2102
2021-01-08,-6.7,"sc2102,sc2103",332.6,sc2102
2021-01-11,-7.1,"sc2102,sc2103",336.0,sc2102
2021-01-12,-7.0,"sc2102,sc2103",333.2,sc2102
2021-01-13,-7.6,"sc2102,sc2103",339.7,sc2102
2021-01-14,-8.2,"sc2102,sc2103",335.5,sc2102
2021-01-15,-8.9,"sc2102,sc2103",333.4,sc2102
2021-01-18,-6.1,"sc2102,sc2103",326.0,sc2102
2021-01-19,-5.8,"sc2102,sc2103",329.9,sc2102
2021-01-20,-2.6,"sc2102,sc2103",337.2,sc2102
2021-01-21,-5.1,"sc2102,sc2103",336.1,sc2102
2021-01-22,-6.0,"sc2102,sc2103",331.7,sc2102
2021-01-25,-8.6,"sc2102,sc2103",324.0,sc2102
2021-01-26,-7.8,"sc2102,sc2103",322.4,sc2102
2021-01-27,-5.3,"sc2102,sc2103",327.2,sc2102
2021-01-28,-1.2,"sc2102,sc2103",333.4,sc2102
2021-01-29,0.1,"sc2102,sc2103",336.1,sc2102
2021-02-01,-5.5,"sc2103,sc2104",336.1,sc2103
2021-02-02,-6.4,"sc2103,sc2104",340.3,sc2103
2021-02-03,-6.4,"sc2103,sc2104",347.1,sc2103
2021-02-04,-5.8,"sc2103,sc2104",353.3,sc2103
2021-02-05,-6.1,"sc2103,sc2104",356.6,sc2103
2021-02-08,-6.3,"sc2103,sc2104",361.8,sc2103
2021-02-09,-5.9,"sc2103,sc2104",368.0,sc2103
2021-02-10,-5.1,"sc2103,sc2104",367.0,sc2103
2021-02-18,-3.4,"sc2103,sc2104",395.8,sc2103
2021-02-19,-3.2,"sc2103,sc2104",388.9,sc2103
2021-02-22,-4.4,"sc2103,sc2104",386.2,sc2103
2021-02-23,-6.4,"sc2103,sc2104",397.6,sc2103
2021-02-24,-5.3,"sc2103,sc2104",400.9,sc2103
2021-02-25,-0.2,"sc2103,sc2104",416.2,sc2103
2021-02-26,-12.0,"sc2103,sc2104",399.0,sc2103
2021-03-01,-5.8,"sc2104,sc2105",407.6,sc2104
2021-03-02,-6.2,"sc2104,sc2105",397.7,sc2104
2021-03-03,-5.7,"sc2104,sc2105",392.7,sc2104
2021-03-04,-5.7,"sc2104,sc2105",397.4,sc2104
2021-03-05,-4.9,"sc2104,sc2105",413.0,sc2104
2021-03-08,-3.7,"sc2104,sc2105",435.8,sc2104
2021-03-09,-4.5,"sc2104,sc2105",427.6,sc2104
2021-03-10,-5.7,"sc2104,sc2105",417.8,sc2104
2021-03-11,-5.1,"sc2104,sc2105",416.0,sc2104
2021-03-12,-5.0,"sc2104,sc2105",421.8,sc2104
2021-03-15,-6.0,"sc2104,sc2105",420.4,sc2104
2021-03-16,-6.3,"sc2104,sc2105",411.3,sc2104
2021-03-17,-6.7,"sc2104,sc2105",409.3,sc2104
2021-03-18,-4.6,"sc2104,sc2105",408.0,sc2104
2021-03-19,-4.3,"sc2104,sc2105",390.9,sc2104
2021-03-22,-6.9,"sc2104,sc2105",381.1,sc2104
2021-03-23,-4.5,"sc2104,sc2105",387.9,sc2104
2021-03-24,-3.2,"sc2104,sc2105",376.8,sc2104
2021-03-25,-4.8,"sc2104,sc2105",382.5,sc2104
2021-03-26,-7.3,"sc2104,sc2105",373.9,sc2104
2021-03-29,-7.9,"sc2104,sc2105",384.1,sc2104
2021-03-30,-7.5,"sc2104,sc2105",388.3,sc2104
2021-03-31,-12.0,"sc2104,sc2105",384.1,sc2104
2021-04-01,-4.1,"sc2105,sc2106",393.4,sc2105
2021-04-02,-4.4,"sc2105,sc2106",399.1,sc2105
2021-04-06,-4.6,"sc2105,sc2106",388.0,sc2105
2021-04-07,-4.0,"sc2105,sc2106",388.6,sc2105
2021-04-08,-4.2,"sc2105,sc2106",384.8,sc2105
2021-04-09,-3.3,"sc2105,sc2106",386.7,sc2105
2021-04-12,-2.3,"sc2105,sc2106",387.2,sc2105
2021-04-13,-1.3,"sc2105,sc2106",390.6,sc2105
2021-04-14,-1.4,"sc2105,sc2106",393.7,sc2105
2021-04-15,-2.5,"sc2105,sc2106",407.4,sc2105
2021-04-16,-4.4,"sc2105,sc2106",410.4,sc2105
2021-04-19,-4.3,"sc2105,sc2106",408.7,sc2105
2021-04-20,-0.1,"sc2105,sc2106",413.4,sc2105
2021-04-21,5.1,"sc2105,sc2106",409.8,sc2105
2021-04-22,5.9,"sc2105,sc2106",402.9,sc2105
2021-04-23,4.8,"sc2105,sc2106",402.0,sc2105
2021-04-26,6.9,"sc2105,sc2106",407.3,sc2105
2021-04-27,5.7,"sc2105,sc2106",405.6,sc2105
2021-04-28,-6.3,"sc2105,sc2106",397.2,sc2105
2021-04-29,-4.9,"sc2105,sc2106",407.9,sc2105
2021-04-30,-9.5,"sc2105,sc2106",409.5,sc2105
2021-05-06,1.2,"sc2106,sc2107",429.8,sc2106
2021-05-07,-0.3,"sc2106,sc2107",424.1,sc2106
2021-05-10,-1.1,"sc2106,sc2107",424.3,sc2106
2021-05-11,-1.4,"sc2106,sc2107",420.8,sc2106
2021-05-12,-2.8,"sc2106,sc2107",421.5,sc2106
2021-05-13,-1.9,"sc2106,sc2107",429.0,sc2106
2021-05-14,0.0,"sc2106,sc2107",417.1,sc2106
2021-05-17,0.8,"sc2106,sc2107",425.7,sc2106
2021-05-18,0.9,"sc2106,sc2107",434.2,sc2106
2021-05-19,2.0,"sc2106,sc2107",429.5,sc2106
2021-05-20,-2.6,"sc2106,sc2107",409.5,sc2106
2021-05-21,-1.9,"sc2106,sc2107",403.2,sc2106
2021-05-24,-2.3,"sc2106,sc2107",408.2,sc2106
2021-05-25,1.1,"sc2106,sc2107",423.4,sc2106
2021-05-26,2.5,"sc2106,sc2107",427.9,sc2106
2021-05-27,4.7,"sc2106,sc2107",428.8,sc2106
2021-05-28,2.4,"sc2106,sc2107",432.7,sc2106
2021-05-31,-1.5,"sc2106,sc2107",427.6,sc2106
2021-06-01,3.0,"sc2107,sc2108",433.9,sc2107
2021-06-02,2.7,"sc2107,sc2108",439.9,sc2107
2021-06-03,2.9,"sc2107,sc2108",445.4,sc2107
2021-06-04,2.8,"sc2107,sc2108",443.2,sc2107
2021-06-07,3.6,"sc2107,sc2108",447.3,sc2107
2021-06-08,3.1,"sc2107,sc2108",444.1,sc2107
2021-06-09,3.6,"sc2107,sc2108",449.4,sc2107
2021-06-10,3.1,"sc2107,sc2108",447.7,sc2107
2021-06-11,3.2,"sc2107,sc2108",450.2,sc2107
2021-06-15,2.8,"sc2107,sc2108",455.8,sc2107
2021-06-16,0.2,"sc2107,sc2108",459.2,sc2107
2021-06-17,-4.6,"sc2107,sc2108",454.1,sc2107
2021-06-18,-5.5,"sc2107,sc2108",443.0,sc2107
2021-06-21,-7.1,"sc2107,sc2108",443.5,sc2107
2021-06-22,-7.4,"sc2107,sc2108",449.4,sc2107
2021-06-23,-7.8,"sc2107,sc2108",453.3,sc2107
2021-06-24,-8.0,"sc2107,sc2108",457.6,sc2107
2021-06-25,-9.2,"sc2107,sc2108",457.2,sc2107
2021-06-28,-8.3,"sc2107,sc2108",459.6,sc2107
2021-06-29,-10.2,"sc2107,sc2108",449.3,sc2107
2021-06-30,-11.2,"sc2107,sc2108",449.2,sc2107
2021-07-01,-1.3,"sc2108,sc2109",460.4,sc2108
2021-07-02,-1.5,"sc2108,sc2109",467.8,sc2108
2021-07-05,-2.0,"sc2108,sc2109",468.4,sc2108
2021-07-06,-2.3,"sc2108,sc2109",473.1,sc2108
2021-07-07,-3.9,"sc2108,sc2109",455.8,sc2108
2021-07-08,-4.3,"sc2108,sc2109",442.1,sc2108
2021-07-09,-4.8,"sc2108,sc2109",441.9,sc2108
2021-07-12,-3.9,"sc2108,sc2109",451.1,sc2108
2021-07-13,-3.8,"sc2108,sc2109",450.9,sc2108
2021-07-14,-5.6,"sc2108,sc2109",458.2,sc2108
2021-07-15,-5.4,"sc2108,sc2109",449.6,sc2108
2021-07-16,-5.7,"sc2108,sc2109",438.6,sc2108
2021-07-19,-5.8,"sc2108,sc2109",431.7,sc2108
2021-07-20,-5.7,"sc2108,sc2109",410.0,sc2108
2021-07-21,-7.6,"sc2108,sc2109",406.4,sc2108
2021-07-22,-8.3,"sc2108,sc2109",416.6,sc2108
2021-07-23,-8.6,"sc2108,sc2109",427.2,sc2108
2021-07-26,-8.2,"sc2108,sc2109",432.4,sc2108
2021-07-27,-8.5,"sc2108,sc2109",439.0,sc2108
2021-07-28,-8.9,"sc2108,sc2109",439.5,sc2108
2021-07-29,-3.6,"sc2108,sc2109",447.9,sc2108
2021-07-30,-9.5,"sc2108,sc2109",445.2,sc2108
2021-08-02,-2.4,"sc2109,sc2110",452.9,sc2109
2021-08-03,-2.1,"sc2109,sc2110",440.7,sc2109
2021-08-04,-2.6,"sc2109,sc2110",433.5,sc2109
2021-08-05,-2.1,"sc2109,sc2110",428.3,sc2109
2021-08-06,-2.1,"sc2109,sc2110",429.1,sc2109
2021-08-09,-2.0,"sc2109,sc2110",425.0,sc2109
2021-08-10,-2.2,"sc2109,sc2110",418.0,sc2109
2021-08-11,-0.6,"sc2109,sc2110",430.6,sc2109
2021-08-12,-0.7,"sc2109,sc2110",430.4,sc2109
2021-08-13,-0.6,"sc2109,sc2110",431.4,sc2109
2021-08-16,-1.1,"sc2109,sc2110",428.4,sc2109
2021-08-17,0.5,"sc2109,sc2110",423.6,sc2109
2021-08-18,2.7,"sc2109,sc2110",423.9,sc2109
2021-08-19,5.3,"sc2109,sc2110",418.7,sc2109
2021-08-20,5.1,"sc2109,sc2110",407.8,sc2109
2021-08-23,2.6,"sc2109,sc2110",403.6,sc2109
2021-08-24,2.9,"sc2109,sc2110",421.4,sc2109
2021-08-25,1.8,"sc2109,sc2110",431.4,sc2109
2021-08-26,3.0,"sc2109,sc2110",435.8,sc2109
2021-08-27,5.2,"sc2109,sc2110",438.6,sc2109
2021-08-30,6.5,"sc2109,sc2110",445.3,sc2109
2021-08-31,10.3,"sc2109,sc2110",450.2,sc2109
2021-09-01,2.1,"sc2110,sc2111",440.5,sc2110
2021-09-02,2.4,"sc2110,sc2111",439.3,sc2110
2021-09-03,2.6,"sc2110,sc2111",456.2,sc2110
2021-09-06,2.6,"sc2110,sc2111",451.4,sc2110
2021-09-07,4.1,"sc2110,sc2111",453.8,sc2110
2021-09-08,5.4,"sc2110,sc2111",450.9,sc2110
2021-09-09,3.6,"sc2110,sc2111",454.8,sc2110
2021-09-10,8.5,"sc2110,sc2111",454.6,sc2110
2021-09-13,5.1,"sc2110,sc2111",461.2,sc2110
2021-09-14,1.5,"sc2110,sc2111",463.0,sc2110
2021-09-15,-1.2,"sc2110,sc2111",461.9,sc2110
2021-09-16,-4.8,"sc2110,sc2111",473.4,sc2110
2021-09-17,3.9,"sc2110,sc2111",477.1,sc2110
2021-09-22,-3.0,"sc2110,sc2111",469.0,sc2110
2021-09-23,-7.7,"sc2110,sc2111",469.4,sc2110
2021-09-24,4.4,"sc2111,sc2112",485.1,sc2111
2021-09-27,3.9,"sc2111,sc2112",492.1,sc2111
2021-09-28,4.1,"sc2111,sc2112",501.8,sc2111
2021-09-29,2.4,"sc2111,sc2112",495.4,sc2111
2021-09-30,2.3,"sc2111,sc2112",495.9,sc2111
2021-10-08,2.8,"sc2111,sc2112",527.1,sc2111
2021-10-11,1.2,"sc2111,sc2112",526.8,sc2111
2021-10-12,1.5,"sc2111,sc2112",531.6,sc2111
2021-10-13,0.5,"sc2111,sc2112",528.3,sc2111
2021-10-14,-2.3,"sc2111,sc2112",521.5,sc2111
2021-10-15,-4.6,"sc2111,sc2112",525.5,sc2111
2021-10-18,-3.8,"sc2111,sc2112",533.6,sc2111
2021-10-19,-3.7,"sc2111,sc2112",528.6,sc2111
2021-10-20,4.3,"sc2111,sc2112",531.2,sc2111
2021-10-21,-0.5,"sc2111,sc2112",531.5,sc2111
2021-10-22,0.8,"sc2111,sc2112",525.1,sc2111
2021-10-25,-2.5,"sc2111,sc2112",527.7,sc2111
2021-10-26,-6.6,"sc2111,sc2112",527.3,sc2111
2021-10-27,-7.0,"sc2111,sc2112",525.3,sc2111
2021-10-28,-9.4,"sc2111,sc2112",511.2,sc2111
2021-10-29,-23.9,"sc2111,sc2112",495.5,sc2111
2021-11-01,1.1,"sc2112,sc2201",521.7,sc2112
2021-11-02,1.8,"sc2112,sc2201",531.6,sc2112
2021-11-03,1.7,"sc2112,sc2201",526.7,sc2112
2021-11-04,1.7,"sc2112,sc2201",513.0,sc2112
2021-11-05,2.8,"sc2112,sc2201",513.6,sc2112
2021-11-08,5.3,"sc2112,sc2201",524.0,sc2112
2021-11-09,4.6,"sc2112,sc2201",526.3,sc2112
2021-11-10,4.2,"sc2112,sc2201",531.6,sc2112
2021-11-11,3.3,"sc2112,sc2201",525.9,sc2112
2021-11-12,3.1,"sc2112,sc2201",517.3,sc2112
2021-11-15,3.8,"sc2112,sc2201",513.4,sc2112
2021-11-16,3.7,"sc2112,sc2201",511.9,sc2112
2021-11-17,2.8,"sc2112,sc2201",515.0,sc2112
2021-11-18,11.3,"sc2112,sc2201",511.6,sc2112
2021-11-19,13.2,"sc2112,sc2201",513.5,sc2112
2021-11-22,13.3,"sc2112,sc2201",501.9,sc2112
2021-11-23,12.6,"sc2112,sc2201",504.8,sc2112
2021-11-24,10.3,"sc2112,sc2201",518.8,sc2112
2021-11-25,10.0,"sc2112,sc2201",521.7,sc2112
2021-11-26,-0.9,"sc2112,sc2201",505.0,sc2112
2021-11-29,22.9,"sc2112,sc2201",495.6,sc2112
2021-11-30,11.2,"sc2112,sc2201",478.8,sc2112
2021-12-01,1.0,"sc2201,sc2202",445.0,sc2201
2021-12-02,0.9,"sc2201,sc2202",444.1,sc2201
2021-12-03,2.1,"sc2201,sc2202",439.2,sc2201
2021-12-06,3.1,"sc2201,sc2202",450.6,sc2201
2021-12-07,3.1,"sc2201,sc2202",457.6,sc2201
2021-12-08,2.9,"sc2201,sc2202",473.8,sc2201
2021-12-09,3.1,"sc2201,sc2202",476.0,sc2201
2021-12-10,3.7,"sc2201,sc2202",472.9,sc2201
2021-12-13,2.9,"sc2201,sc2202",477.0,sc2201
2021-12-14,4.9,"sc2201,sc2202",474.2,sc2201
2021-12-15,-1.4,"sc2201,sc2202",460.0,sc2201
2021-12-16,2.8,"sc2201,sc2202",467.4,sc2201
2021-12-17,4.1,"sc2201,sc2202",474.7,sc2201
2021-12-20,6.3,"sc2201,sc2202",466.2,sc2201
2021-12-21,4.4,"sc2201,sc2202",453.1,sc2201
2021-12-22,-7.3,"sc2201,sc2202",456.2,sc2201
2021-12-23,2.0,"sc2202,sc2203",470.0,sc2202
2021-12-24,1.8,"sc2202,sc2203",475.6,sc2202
2021-12-27,1.5,"sc2202,sc2203",475.5,sc2202
2021-12-28,2.0,"sc2202,sc2203",487.0,sc2202
2021-12-29,2.6,"sc2202,sc2203",492.8,sc2202
2021-12-30,2.7,"sc2202,sc2203",494.5,sc2202
2021-12-31,2.3,"sc2202,sc2203",496.8,sc2202
2022-01-04,2.1,"sc2202,sc2203",496.9,sc2202
2022-01-05,2.3,"sc2202,sc2203",501.1,sc2202
2022-01-06,2.1,"sc2202,sc2203",504.6,sc2202
2022-01-07,2.1,"sc2202,sc2203",516.4,sc2202
2022-01-10,1.6,"sc2202,sc2203",511.1,sc2202
2022-01-11,2.8,"sc2202,sc2203",508.9,sc2202
2022-01-12,-1.1,"sc2202,sc2203",514.8,sc2202
2022-01-13,1.7,"sc2202,sc2203",526.0,sc2202
2022-01-14,5.4,"sc2202,sc2203",530.7,sc2202
2022-01-17,7.1,"sc2202,sc2203",538.5,sc2202
2022-01-18,5.0,"sc2202,sc2203",541.1,sc2202
2022-01-19,2.6,"sc2202,sc2203",547.6,sc2202
2022-01-20,1.1,"sc2202,sc2203",547.7,sc2202
2022-01-21,15.9,"sc2202,sc2203",557.1,sc2202
2022-01-24,3.3,"sc2203,sc2204",541.6,sc2203
2022-01-25,2.8,"sc2203,sc2204",530.4,sc2203
2022-01-26,2.7,"sc2203,sc2204",534.3,sc2203
2022-01-27,2.6,"sc2203,sc2204",545.5,sc2203
2022-01-28,-0.6,"sc2203,sc2204",542.0,sc2203
2022-02-07,-0.5,"sc2203,sc2204",567.3,sc2203
2022-02-08,-2.8,"sc2203,sc2204",558.7,sc2203
2022-02-09,-3.9,"sc2203,sc2204",547.5,sc2203
2022-02-10,-4.5,"sc2203,sc2204",549.1,sc2203
2022-02-11,-4.4,"sc2203,sc2204",553.3,sc2203
2022-02-14,-5.0,"sc2203,sc2204",562.5,sc2203
2022-02-15,-5.5,"sc2203,sc2204",566.5,sc2203
2022-02-16,-4.9,"sc2203,sc2204",554.8,sc2203
2022-02-17,-5.6,"sc2203,sc2204",560.8,sc2203
2022-02-18,-5.0,"sc2203,sc2204",559.7,sc2203
2022-02-21,-4.4,"sc2203,sc2204",561.4,sc2203
2022-02-22,-4.8,"sc2203,sc2204",580.9,sc2203
2022-02-23,-5.1,"sc2203,sc2204",585.3,sc2203
2022-02-24,-4.8,"sc2203,sc2204",593.9,sc2203
2022-02-25,-6.0,"sc2203,sc2204",613.8,sc2203
2022-02-28,-9.7,"sc2203,sc2204",591.8,sc2203
2022-03-01,13.6,"sc2204,sc2205",615.9,sc2204
2022-03-02,15.2,"sc2204,sc2205",654.2,sc2204
2022-03-03,18.4,"sc2204,sc2205",699.5,sc2204
2022-03-04,17.0,"sc2204,sc2205",704.8,sc2204
2022-03-07,16.5,"sc2204,sc2205",723.6,sc2204
2022-03-08,19.0,"sc2204,sc2205",765.8,sc2204
2022-03-09,17.3,"sc2204,sc2205",806.9,sc2204
2022-03-10,15.5,"sc2204,sc2205",726.1,sc2204
2022-03-11,10.7,"sc2204,sc2205",691.9,sc2204
2022-03-14,8.4,"sc2204,sc2205",683.0,sc2204
2022-03-15,6.1,"sc2204,sc2205",645.7,sc2204
2022-03-16,1.2,"sc2204,sc2205",622.9,sc2204
2022-03-17,-2.5,"sc2204,sc2205",615.8,sc2204
2022-03-18,-1.6,"sc2204,sc2205",657.0,sc2204
2022-03-21,10.5,"sc2204,sc2205",678.9,sc2204
2022-03-22,20.2,"sc2204,sc2205",722.8,sc2204
2022-03-23,17.0,"sc2204,sc2205",717.8,sc2204
2022-03-24,27.5,"sc2204,sc2205",760.1,sc2204
2022-03-25,30.4,"sc2204,sc2205",753.4,sc2204
2022-03-28,27.4,"sc2204,sc2205",742.4,sc2204
2022-03-29,21.5,"sc2204,sc2205",706.2,sc2204
2022-03-30,9.0,"sc2204,sc2205",678.2,sc2204
2022-03-31,-9.4,"sc2204,sc2205",675.2,sc2204
2022-04-01,5.4,"sc2205,sc2206",666.4,sc2205
2022-04-06,4.1,"sc2205,sc2206",675.4,sc2205
2022-04-07,-2.0,"sc2205,sc2206",643.1,sc2205
2022-04-08,-3.5,"sc2205,sc2206",617.3,sc2205
2022-04-11,-1.7,"sc2205,sc2206",625.8,sc2205
2022-04-12,-3.3,"sc2205,sc2206",618.4,sc2205
2022-04-13,-2.1,"sc2205,sc2206",649.9,sc2205
2022-04-14,-2.0,"sc2205,sc2206",665.8,sc2205
2022-04-15,-2.1,"sc2205,sc2206",679.7,sc2205
2022-04-18,-2.3,"sc2205,sc2206",694.1,sc2205
2022-04-19,3.1,"sc2205,sc2206",705.9,sc2205
2022-04-20,0.2,"sc2205,sc2206",674.5,sc2205
2022-04-21,-0.8,"sc2205,sc2206",674.4,sc2205
2022-04-22,0.7,"sc2205,sc2206",680.5,sc2205
2022-04-25,6.8,"sc2205,sc2206",662.4,sc2205
2022-04-26,5.9,"sc2205,sc2206",637.6,sc2205
2022-04-27,5.9,"sc2205,sc2206",663.8,sc2205
2022-04-28,8.5,"sc2205,sc2206",659.1,sc2205
2022-04-29,2.7,"sc2205,sc2206",671.2,sc2205
2022-05-05,-1.8,"sc2206,sc2207",692.4,sc2206
2022-05-06,-1.4,"sc2206,sc2207",696.4,sc2206
2022-05-09,-1.2,"sc2206,sc2207",705.6,sc2206
2022-05-10,-0.6,"sc2206,sc2207",669.8,sc2206
2022-05-11,-0.7,"sc2206,sc2207",656.1,sc2206
2022-05-12,-0.1,"sc2206,sc2207",680.0,sc2206
2022-05-13,-0.6,"sc2206,sc2207",692.4,sc2206
2022-05-16,1.8,"sc2206,sc2207",704.6,sc2206
2022-05-17,5.0,"sc2206,sc2207",721.8,sc2206
2022-05-18,6.3,"sc2206,sc2207",721.9,sc2206
2022-05-19,5.2,"sc2206,sc2207",698.6,sc2206
2022-05-20,6.3,"sc2206,sc2207",699.8,sc2206
2022-05-23,4.3,"sc2206,sc2207",706.2,sc2206
2022-05-24,5.6,"sc2206,sc2207",699.0,sc2206
2022-05-25,8.8,"sc2206,sc2207",710.8,sc2206
2022-05-26,7.3,"sc2206,sc2207",716.1,sc2206
2022-05-27,7.6,"sc2206,sc2207",740.4,sc2206
2022-05-30,-9.5,"sc2206,sc2207",724.3,sc2206
2022-05-31,-7.3,"sc2206,sc2207",737.3,sc2206
2022-06-01,4.7,"sc2207,sc2208",741.1,sc2207
2022-06-02,4.6,"sc2207,sc2208",728.8,sc2207
2022-06-06,3.5,"sc2207,sc2208",750.3,sc2207
2022-06-07,3.3,"sc2207,sc2208",748.7,sc2207
2022-06-08,2.9,"sc2207,sc2208",753.8,sc2207
2022-06-09,3.7,"sc2207,sc2208",771.4,sc2207
2022-06-10,3.1,"sc2207,sc2208",770.5,sc2207
2022-06-13,3.0,"sc2207,sc2208",756.8,sc2207
2022-06-14,7.6,"sc2207,sc2208",768.0,sc2207
2022-06-15,7.4,"sc2207,sc2208",770.6,sc2207
2022-06-16,4.3,"sc2207,sc2208",748.2,sc2207
2022-06-17,0.4,"sc2207,sc2208",731.7,sc2207
2022-06-20,2.2,"sc2207,sc2208",704.3,sc2207
2022-06-21,-1.0,"sc2207,sc2208",702.2,sc2207
2022-06-22,-1.9,"sc2207,sc2208",703.7,sc2207
2022-06-23,-2.3,"sc2207,sc2208",687.6,sc2207
2022-06-24,-2.1,"sc2207,sc2208",684.0,sc2207
2022-06-27,-4.5,"sc2207,sc2208",689.6,sc2207
2022-06-28,-5.7,"sc2207,sc2208",707.1,sc2207
2022-06-29,-14.1,"sc2207,sc2208",715.0,sc2207
2022-06-30,-1.8,"sc2207,sc2208",731.1,sc2207
2022-07-01,9.1,"sc2208,sc2209",704.4,sc2208
2022-07-04,9.6,"sc2208,sc2209",711.7,sc2208
2022-07-05,12.9,"sc2208,sc2209",727.5,sc2208
2022-07-06,15.6,"sc2208,sc2209",674.2,sc2208
2022-07-07,12.6,"sc2208,sc2209",644.9,sc2208
2022-07-08,16.1,"sc2208,sc2209",676.8,sc2208
2022-07-11,14.5,"sc2208,sc2209",686.1,sc2208
2022-07-12,13.1,"sc2208,sc2209",680.6,sc2208
2022-07-13,15.2,"sc2208,sc2209",650.2,sc2208
2022-07-14,18.3,"sc2208,sc2209",650.8,sc2208
2022-07-15,24.8,"sc2208,sc2209",641.1,sc2208
2022-07-18,29.8,"sc2208,sc2209",668.0,sc2208
2022-07-19,30.9,"sc2208,sc2209",697.5,sc2208
2022-07-20,40.5,"sc2208,sc2209",704.9,sc2208
2022-07-21,43.3,"sc2208,sc2209",706.9,sc2208
2022-07-22,43.2,"sc2208,sc2209",695.8,sc2208
2022-07-25,46.2,"sc2208,sc2209",697.9,sc2208
2022-07-26,42.7,"sc2208,sc2209",704.3,sc2208
2022-07-27,-3.3,"sc2208,sc2209",661.3,sc2208
2022-07-28,-2.3,"sc2208,sc2209",676.1,sc2208
2022-07-29,48.4,"sc2208,sc2209",730.3,sc2208
2022-08-01,20.9,"sc2209,sc2210",698.1,sc2209
2022-08-02,20.4,"sc2209,sc2210",672.7,sc2209
2022-08-03,16.1,"sc2209,sc2210",681.6,sc2209
2022-08-04,16.0,"sc2209,sc2210",667.1,sc2209
2022-08-05,18.0,"sc2209,sc2210",650.3,sc2209
2022-08-08,24.6,"sc2209,sc2210",659.6,sc2209
2022-08-09,21.0,"sc2209,sc2210",665.7,sc2209
2022-08-10,23.6,"sc2209,sc2210",676.5,sc2209
2022-08-11,25.6,"sc2209,sc2210",682.6,sc2209
2022-08-12,25.6,"sc2209,sc2210",698.9,sc2209
2022-08-15,28.3,"sc2209,sc2210",695.9,sc2209
2022-08-16,29.3,"sc2209,sc2210",685.6,sc2209
2022-08-17,28.9,"sc2209,sc2210",690.7,sc2209
2022-08-18,27.7,"sc2209,sc2210",698.6,sc2209
2022-08-19,33.4,"sc2209,sc2210",725.4,sc2209
2022-08-22,46.4,"sc2209,sc2210",749.9,sc2209
2022-08-23,45.1,"sc2209,sc2210",747.2,sc2209
2022-08-24,46.8,"sc2209,sc2210",765.8,sc2209
2022-08-25,49.0,"sc2209,sc2210",790.6,sc2209
2022-08-26,48.0,"sc2209,sc2210",787.3,sc2209
2022-08-29,-1.2,"sc2209,sc2210",726.4,sc2209
2022-08-30,-1.9,"sc2209,sc2210",738.7,sc2209
2022-08-31,7.8,"sc2209,sc2210",724.7,sc2209
2022-09-01,31.8,"sc2210,sc2211",705.5,sc2210
2022-09-02,39.8,"sc2210,sc2211",694.7,sc2210
2022-09-05,34.2,"sc2210,sc2211",696.2,sc2210
2022-09-06,37.1,"sc2210,sc2211",707.4,sc2210
2022-09-07,36.4,"sc2210,sc2211",688.4,sc2210
2022-09-08,42.3,"sc2210,sc2211",673.8,sc2210
2022-09-09,43.0,"sc2210,sc2211",670.0,sc2210
2022-09-13,54.8,"sc2210,sc2211",705.6,sc2210
2022-09-14,46.8,"sc2210,sc2211",691.6,sc2210
2022-09-15,50.8,"sc2210,sc2211",718.3,sc2210
2022-09-16,46.2,"sc2210,sc2211",712.2,sc2210
2022-09-19,61.0,"sc2210,sc2211",709.2,sc2210
2022-09-20,68.3,"sc2210,sc2211",707.4,sc2210
2022-09-21,32.3,"sc2210,sc2211",674.3,sc2210
2022-09-22,4.3,"sc2210,sc2211",653.6,sc2210
2022-09-23,-9.4,"sc2210,sc2211",645.8,sc2210
2022-09-26,11.8,"sc2211,sc2212",624.8,sc2211
2022-09-27,8.2,"sc2211,sc2212",612.0,sc2211
2022-09-28,8.3,"sc2211,sc2212",612.2,sc2211
2022-09-29,5.3,"sc2211,sc2212",628.6,sc2211
2022-09-30,3.8,"sc2211,sc2212",631.5,sc2211
2022-10-10,10.3,"sc2211,sc2212",699.6,sc2211
2022-10-11,8.2,"sc2211,sc2212",702.2,sc2211
2022-10-12,8.5,"sc2211,sc2212",688.2,sc2211
2022-10-13,13.2,"sc2211,sc2212",684.8,sc2211
2022-10-14,9.2,"sc2211,sc2212",689.7,sc2211
2022-10-17,6.5,"sc2211,sc2212",676.7,sc2211
2022-10-18,6.4,"sc2211,sc2212",677.9,sc2211
2022-10-19,3.8,"sc2211,sc2212",665.4,sc2211
2022-10-20,-0.4,"sc2211,sc2212",667.1,sc2211
2022-10-21,0.2,"sc2211,sc2212",669.6,sc2211
2022-10-24,-0.2,"sc2211,sc2212",670.1,sc2211
2022-10-25,-1.4,"sc2211,sc2212",669.9,sc2211
2022-10-26,-2.3,"sc2211,sc2212",671.3,sc2211
2022-10-27,-2.3,"sc2211,sc2212",677.4,sc2211
2022-10-28,-3.6,"sc2211,sc2212",684.9,sc2211
2022-10-31,4.1,"sc2211,sc2212",686.8,sc2211
2022-11-01,15.4,"sc2212,sc2301",685.5,sc2212
2022-11-02,11.7,"sc2212,sc2301",696.3,sc2212
2022-11-03,10.7,"sc2212,sc2301",698.4,sc2212
2022-11-04,12.0,"sc2212,sc2301",699.9,sc2212
2022-11-07,13.5,"sc2212,sc2301",715.4,sc2212
2022-11-08,12.4,"sc2212,sc2301",716.5,sc2212
2022-11-09,8.9,"sc2212,sc2301",700.6,sc2212
2022-11-10,7.1,"sc2212,sc2301",677.4,sc2212
2022-11-11,5.9,"sc2212,sc2301",673.8,sc2212
2022-11-14,4.8,"sc2212,sc2301",677.5,sc2212
2022-11-15,4.4,"sc2212,sc2301",658.4,sc2212
2022-11-16,4.7,"sc2212,sc2301",647.0,sc2212
2022-11-17,2.9,"sc2212,sc2301",636.7,sc2212
2022-11-18,1.3,"sc2212,sc2301",623.1,sc2212
2022-11-21,1.7,"sc2212,sc2301",601.6,sc2212
2022-11-22,1.5,"sc2212,sc2301",591.8,sc2212
2022-11-23,0.1,"sc2212,sc2301",601.9,sc2212
2022-11-24,0.1,"sc2212,sc2301",575.0,sc2212
2022-11-25,2.3,"sc2212,sc2301",576.1,sc2212
2022-11-28,-4.1,"sc2212,sc2301",556.0,sc2212
2022-11-29,-10.4,"sc2212,sc2301",554.9,sc2212
2022-11-30,7.7,"sc2212,sc2301",579.2,sc2212
2022-12-01,-3.5,"sc2301,sc2302",578.9,sc2301
2022-12-02,-3.8,"sc2301,sc2302",577.7,sc2301
2022-12-05,-4.4,"sc2301,sc2302",570.0,sc2301
2022-12-06,-4.8,"sc2301,sc2302",552.6,sc2301
2022-12-07,-6.0,"sc2301,sc2302",523.3,sc2301
2022-12-08,-6.3,"sc2301,sc2302",512.6,sc2301
2022-12-09,-6.4,"sc2301,sc2302",505.1,sc2301
2022-12-12,-7.1,"sc2301,sc2302",501.6,sc2301
2022-12-13,-7.7,"sc2301,sc2302",510.2,sc2301
2022-12-14,-7.8,"sc2301,sc2302",521.7,sc2301
2022-12-15,-8.3,"sc2301,sc2302",530.3,sc2301
2022-12-16,-8.3,"sc2301,sc2302",528.4,sc2301
2022-12-19,-8.5,"sc2301,sc2302",520.0,sc2301
2022-12-20,-8.4,"sc2301,sc2302",528.4,sc2301
2022-12-21,-7.8,"sc2301,sc2302",529.2,sc2301
2022-12-22,-10.4,"sc2301,sc2302",538.0,sc2301
2022-12-23,-5.0,"sc2302,sc2303",546.8,sc2302
2022-12-26,-3.7,"sc2302,sc2303",559.7,sc2302
2022-12-27,-5.1,"sc2302,sc2303",562.5,sc2302
2022-12-28,-4.4,"sc2302,sc2303",565.5,sc2302
2022-12-29,-5.3,"sc2302,sc2303",552.9,sc2302
2022-12-30,-6.8,"sc2302,sc2303",553.7,sc2302
2023-01-03,-5.9,"sc2302,sc2303",564.2,sc2302
2023-01-04,-5.6,"sc2302,sc2303",549.9,sc2302
2023-01-05,-5.5,"sc2302,sc2303",521.1,sc2302
2023-01-06,-0.8,"sc2302,sc2303",525.5,sc2302
2023-01-09,-1.9,"sc2302,sc2303",525.7,sc2302
2023-01-10,-2.3,"sc2302,sc2303",524.4,sc2302
2023-01-11,-2.5,"sc2302,sc2303",519.5,sc2302
2023-01-12,-3.0,"sc2302,sc2303",527.3,sc2302
2023-01-13,3.3,"sc2302,sc2303",538.8,sc2302
2023-01-16,-1.7,"sc2302,sc2303",539.4,sc2302
2023-01-17,-2.2,"sc2303,sc2304",544.2,sc2303
2023-01-18,-1.0,"sc2303,sc2304",559.6,sc2303
2023-01-19,-2.3,"sc2303,sc2304",556.2,sc2303
2023-01-20,-2.0,"sc2303,sc2304",559.8,sc2303
2023-01-30,-2.3,"sc2303,sc2304",560.0,sc2303
2023-01-31,-2.5,"sc2303,sc2304",546.6,sc2303
2023-02-01,-2.7,"sc2303,sc2304",548.4,sc2303
2023-02-02,-2.6,"sc2303,sc2304",540.8,sc2303
2023-02-03,-1.3,"sc2303,sc2304",532.3,sc2303
2023-02-06,-1.2,"sc2303,sc2304",526.5,sc2303
2023-02-07,-1.5,"sc2303,sc2304",523.8,sc2303
2023-02-08,-1.1,"sc2303,sc2304",537.9,sc2303
2023-02-09,0.8,"sc2303,sc2304",550.9,sc2303
2023-02-10,4.6,"sc2303,sc2304",552.6,sc2303
2023-02-13,5.4,"sc2303,sc2304",563.0,sc2303
2023-02-14,4.4,"sc2303,sc2304",566.3,sc2303
2023-02-15,6.4,"sc2303,sc2304",567.9,sc2303
2023-02-16,7.3,"sc2303,sc2304",572.4,sc2303
2023-02-17,8.9,"sc2303,sc2304",579.1,sc2303
2023-02-20,6.3,"sc2303,sc2304",559.1,sc2303
2023-02-21,3.3,"sc2303,sc2304",557.0,sc2303
2023-02-22,8.2,"sc2303,sc2304",556.1,sc2303
2023-02-23,11.2,"sc2303,sc2304",552.0,sc2303
2023-02-24,2.4,"sc2303,sc2304",548.6,sc2303
2023-02-27,11.4,"sc2303,sc2304",561.2,sc2303
2023-02-28,7.2,"sc2303,sc2304",553.0,sc2303
2023-03-01,0.7,"sc2304,sc2305",556.5,sc2304
2023-03-02,0.3,"sc2304,sc2305",556.0,sc2304
2023-03-03,1.2,"sc2304,sc2305",566.5,sc2304
2023-03-06,1.9,"sc2304,sc2305",568.7,sc2304
2023-03-07,2.2,"sc2304,sc2305",579.2,sc2304
2023-03-08,0.6,"sc2304,sc2305",571.1,sc2304
2023-03-09,0.3,"sc2304,sc2305",560.5,sc2304
2023-03-10,-0.4,"sc2304,sc2305",557.3,sc2304
2023-03-13,-1.7,"sc2304,sc2305",551.7,sc2304
2023-03-14,-3.2,"sc2304,sc2305",535.6,sc2304
2023-03-15,-2.7,"sc2304,sc2305",526.7,sc2304
2023-03-16,-4.8,"sc2304,sc2305",496.4,sc2304
2023-03-17,-4.9,"sc2304,sc2305",496.1,sc2304
2023-03-20,-3.8,"sc2304,sc2305",490.2,sc2304
2023-03-21,-5.0,"sc2304,sc2305",486.1,sc2304
2023-03-22,-4.2,"sc2304,sc2305",497.7,sc2304
2023-03-23,-3.2,"sc2304,sc2305",504.4,sc2304
2023-03-24,-3.8,"sc2304,sc2305",505.2,sc2304
2023-03-27,-3.3,"sc2304,sc2305",498.0,sc2304
2023-03-28,-1.4,"sc2304,sc2305",514.8,sc2304
2023-03-29,-0.1,"sc2304,sc2305",524.3,sc2304
2023-03-30,2.1,"sc2304,sc2305",525.8,sc2304
2023-03-31,4.1,"sc2304,sc2305",531.0,sc2304
2023-04-03,-1.5,"sc2305,sc2306",547.2,sc2305
2023-04-04,1.4,"sc2305,sc2306",576.9,sc2305
2023-04-06,1.3,"sc2305,sc2306",583.0,sc2305
2023-04-07,3.1,"sc2305,sc2306",586.9,sc2305
2023-04-10,4.8,"sc2305,sc2306",589.3,sc2305
2023-04-11,5.3,"sc2305,sc2306",586.3,sc2305
2023-04-12,6.8,"sc2305,sc2306",591.9,sc2305
2023-04-13,7.1,"sc2305,sc2306",601.8,sc2305
2023-04-14,4.6,"sc2305,sc2306",597.4,sc2305
2023-04-17,6.4,"sc2305,sc2306",599.2,sc2305
2023-04-18,11.7,"sc2305,sc2306",597.5,sc2305
2023-04-19,10.0,"sc2305,sc2306",593.6,sc2305
2023-04-20,9.9,"sc2305,sc2306",580.9,sc2305
2023-04-21,8.3,"sc2305,sc2306",566.6,sc2305
2023-04-24,5.8,"sc2305,sc2306",565.4,sc2305
2023-04-25,-0.4,"sc2305,sc2306",566.9,sc2305
2023-04-26,7.0,"sc2305,sc2306",561.8,sc2305
2023-04-27,-3.7,"sc2305,sc2306",534.9,sc2305
2023-04-28,17.5,"sc2305,sc2306",545.9,sc2305
2023-05-04,-1.6,"sc2306,sc2307",494.9,sc2306
2023-05-05,-2.3,"sc2306,sc2307",491.7,sc2306
2023-05-08,-1.4,"sc2306,sc2307",508.7,sc2306
2023-05-09,-1.3,"sc2306,sc2307",518.9,sc2306
2023-05-10,-1.3,"sc2306,sc2307",517.5,sc2306
2023-05-11,-2.4,"sc2306,sc2307",514.7,sc2306
2023-05-12,-3.6,"sc2306,sc2307",502.1,sc2306
2023-05-15,-3.5,"sc2306,sc2307",496.2,sc2306
2023-05-16,-3.0,"sc2306,sc2307",505.7,sc2306
2023-05-17,-2.4,"sc2306,sc2307",504.1,sc2306
2023-05-18,-3.2,"sc2306,sc2307",512.7,sc2306
2023-05-19,-3.5,"sc2306,sc2307",514.4,sc2306
2023-05-22,-3.8,"sc2306,sc2307",509.6,sc2306
2023-05-23,-2.5,"sc2306,sc2307",513.7,sc2306
2023-05-24,-0.4,"sc2306,sc2307",523.5,sc2306
2023-05-25,-0.3,"sc2306,sc2307",529.4,sc2306
2023-05-26,-1.3,"sc2306,sc2307",516.7,sc2306
2023-05-29,-2.2,"sc2306,sc2307",527.4,sc2306
2023-05-30,-0.3,"sc2306,sc2307",528.2,sc2306
2023-05-31,10.2,"sc2306,sc2307",517.5,sc2306
2023-06-01,-0.1,"sc2307,sc2308",501.9,sc2307
2023-06-02,-0.6,"sc2307,sc2308",511.8,sc2307
2023-06-05,-0.8,"sc2307,sc2308",523.7,sc2307
2023-06-06,-0.3,"sc2307,sc2308",528.0,sc2307
2023-06-07,-0.9,"sc2307,sc2308",524.1,sc2307
2023-06-08,0.7,"sc2307,sc2308",534.2,sc2307
2023-06-09,0.2,"sc2307,sc2308",527.3,sc2307
2023-06-12,-0.2,"sc2307,sc2308",523.1,sc2307
2023-06-13,-2.2,"sc2307,sc2308",506.3,sc2307
2023-06-14,-1.9,"sc2307,sc2308",519.6,sc2307
2023-06-15,-2.2,"sc2307,sc2308",517.6,sc2307
2023-06-16,-2.2,"sc2307,sc2308",525.1,sc2307
2023-06-19,-0.7,"sc2307,sc2308",530.0,sc2307
2023-06-20,-0.9,"sc2307,sc2308",533.6,sc2307
2023-06-21,-0.2,"sc2307,sc2308",542.5,sc2307
2023-06-26,0.0,"sc2307,sc2308",539.3,sc2307
2023-06-27,-1.6,"sc2307,sc2308",541.1,sc2307
2023-06-28,-0.6,"sc2307,sc2308",534.6,sc2307
2023-06-29,-1.7,"sc2307,sc2308",539.1,sc2307
2023-06-30,-3.4,"sc2307,sc2308",542.1,sc2307
2023-07-03,0.1,"sc2308,sc2309",551.7,sc2308
2023-07-04,-0.2,"sc2308,sc2309",551.0,sc2308
2023-07-05,-0.6,"sc2308,sc2309",553.8,sc2308
2023-07-06,-1.2,"sc2308,sc2309",558.8,sc2308
2023-07-07,-1.5,"sc2308,sc2309",556.5,sc2308
2023-07-10,-0.9,"sc2308,sc2309",565.3,sc2308
2023-07-11,0.4,"sc2308,sc2309",568.8,sc2308
2023-07-12,-0.4,"sc2308,sc2309",574.4,sc2308
2023-07-13,-0.6,"sc2308,sc2309",578.6,sc2308
2023-07-14,1.1,"sc2308,sc2309",584.9,sc2308
2023-07-17,3.2,"sc2308,sc2309",580.1,sc2308
2023-07-18,2.9,"sc2308,sc2309",577.2,sc2308
2023-07-19,1.9,"sc2308,sc2309",583.4,sc2308
2023-07-20,1.8,"sc2308,sc2309",589.1,sc2308
2023-07-21,0.2,"sc2308,sc2309",585.3,sc2308
2023-07-24,-1.6,"sc2308,sc2309",587.7,sc2308
2023-07-25,-1.1,"sc2308,sc2309",598.9,sc2308
2023-07-26,-1.0,"sc2308,sc2309",601.8,sc2308
2023-07-27,3.3,"sc2308,sc2309",606.8,sc2308
2023-07-28,3.4,"sc2308,sc2309",610.3,sc2308
2023-07-31,-3.5,"sc2308,sc2309",604.4,sc2308
2023-08-01,4.5,"sc2309,sc2310",618.2,sc2309
2023-08-02,4.5,"sc2309,sc2310",621.8,sc2309
2023-08-03,4.0,"sc2309,sc2310",610.6,sc2309
2023-08-04,4.6,"sc2309,sc2310",619.3,sc2309
2023-08-07,4.8,"sc2309,sc2310",627.5,sc2309
2023-08-08,4.6,"sc2309,sc2310",625.5,sc2309
2023-08-09,5.0,"sc2309,sc2310",626.9,sc2309
2023-08-10,5.8,"sc2309,sc2310",638.1,sc2309
2023-08-11,7.9,"sc2309,sc2310",639.4,sc2309
2023-08-14,20.1,"sc2309,sc2310",658.7,sc2309
2023-08-15,18.2,"sc2309,sc2310",658.7,sc2309
2023-08-16,13.7,"sc2309,sc2310",655.8,sc2309
2023-08-17,16.8,"sc2309,sc2310",655.6,sc2309
2023-08-18,18.4,"sc2309,sc2310",658.4,sc2309
2023-08-21,23.9,"sc2309,sc2310",667.6,sc2309
2023-08-22,26.9,"sc2309,sc2310",671.8,sc2309
2023-08-23,29.2,"sc2309,sc2310",665.6,sc2309
2023-08-24,43.1,"sc2309,sc2310",668.8,sc2309
2023-08-25,50.4,"sc2309,sc2310",678.7,sc2309
2023-08-28,54.6,"sc2309,sc2310",690.9,sc2309
2023-08-29,20.4,"sc2309,sc2310",657.4,sc2309
2023-08-30,-7.1,"sc2309,sc2310",632.0,sc2309
2023-08-31,-36.0,"sc2309,sc2310",607.6,sc2309
2023-09-01,7.9,"sc2310,sc2311",649.8,sc2310
2023-09-04,11.4,"sc2310,sc2311",666.2,sc2310
2023-09-05,10.3,"sc2310,sc2311",668.6,sc2310
2023-09-06,13.3,"sc2310,sc2311",690.0,sc2310
2023-09-07,10.4,"sc2310,sc2311",691.0,sc2310
2023-09-08,11.5,"sc2310,sc2311",693.8,sc2310
2023-09-11,14.5,"sc2310,sc2311",694.8,sc2310
2023-09-12,12.7,"sc2310,sc2311",696.3,sc2310
2023-09-13,13.0,"sc2310,sc2311",708.3,sc2310
2023-09-14,19.6,"sc2310,sc2311",717.7,sc2310
2023-09-15,29.3,"sc2310,sc2311",736.8,sc2310
2023-09-18,34.3,"sc2310,sc2311",733.1,sc2310
2023-09-19,36.5,"sc2310,sc2311",736.7,sc2310
2023-09-20,31.4,"sc2310,sc2311",728.9,sc2310
2023-09-21,33.0,"sc2310,sc2311",725.6,sc2310
2023-09-22,40.3,"sc2310,sc2311",736.5,sc2310
2023-09-25,40.9,"sc2310,sc2311",731.7,sc2310
2023-09-26,16.5,"sc2310,sc2311",702.4,sc2310
2023-09-27,-0.3,"sc2310,sc2311",695.9,sc2310
2023-09-28,-12.9,"sc2310,sc2311",700.9,sc2310
2023-10-09,8.6,"sc2311,sc2312",660.7,sc2311
2023-10-10,10.6,"sc2311,sc2312",660.8,sc2311
2023-10-11,9.3,"sc2311,sc2312",657.0,sc2311
2023-10-12,8.7,"sc2311,sc2312",650.1,sc2311
2023-10-13,7.6,"sc2311,sc2312",652.3,sc2311
2023-10-16,6.2,"sc2311,sc2312",676.5,sc2311
2023-10-17,5.1,"sc2311,sc2312",674.6,sc2311
2023-10-18,7.1,"sc2311,sc2312",681.5,sc2311
2023-10-19,5.3,"sc2311,sc2312",689.1,sc2311
2023-10-20,2.4,"sc2311,sc2312",694.0,sc2311
2023-10-23,3.7,"sc2311,sc2312",694.9,sc2311
2023-10-24,4.2,"sc2311,sc2312",682.7,sc2311
2023-10-25,3.3,"sc2311,sc2312",668.0,sc2311
2023-10-26,5.1,"sc2311,sc2312",674.5,sc2311
2023-10-27,8.9,"sc2311,sc2312",673.0,sc2311
2023-10-30,11.6,"sc2311,sc2312",678.3,sc2311
2023-10-31,16.2,"sc2311,sc2312",671.6,sc2311
2023-11-01,3.0,"sc2312,sc2401",649.8,sc2312
2023-11-02,1.9,"sc2312,sc2401",650.1,sc2312
2023-11-03,2.3,"sc2312,sc2401",653.5,sc2312
2023-11-06,3.4,"sc2312,sc2401",647.3,sc2312
2023-11-07,0.8,"sc2312,sc2401",636.5,sc2312
2023-11-08,0.0,"sc2312,sc2401",610.4,sc2312
2023-11-09,0.0,"sc2312,sc2401",596.2,sc2312
2023-11-10,-0.3,"sc2312,sc2401",596.9,sc2312
2023-11-13,-1.2,"sc2312,sc2401",598.9,sc2312
2023-11-14,-2.5,"sc2312,sc2401",602.7,sc2312
2023-11-15,-2.7,"sc2312,sc2401",604.1,sc2312
2023-11-16,-3.2,"sc2312,sc2401",590.4,sc2312
2023-11-17,-3.4,"sc2312,sc2401",568.9,sc2312
2023-11-20,-4.0,"sc2312,sc2401",576.7,sc2312
2023-11-21,-5.1,"sc2312,sc2401",587.4,sc2312
2023-11-22,-1.0,"sc2312,sc2401",589.2,sc2312
2023-11-23,-1.5,"sc2312,sc2401",571.9,sc2312
2023-11-24,-3.7,"sc2312,sc2401",575.9,sc2312
2023-11-27,-4.6,"sc2312,sc2401",573.3,sc2312
2023-11-28,-5.3,"sc2312,sc2401",566.9,sc2312
2023-11-29,-5.5,"sc2312,sc2401",573.7,sc2312
2023-11-30,-7.0,"sc2312,sc2401",577.1,sc2312
2023-12-01,-3.1,"sc2401,sc2402",579.3,sc2401
2023-12-04,-3.4,"sc2401,sc2402",566.0,sc2401
2023-12-05,-3.5,"sc2401,sc2402",556.7,sc2401
2023-12-06,-3.6,"sc2401,sc2402",554.3,sc2401
2023-12-07,-3.7,"sc2401,sc2402",536.6,sc2401
2023-12-08,0.8,"sc2401,sc2402",546.7,sc2401
2023-12-11,0.2,"sc2401,sc2402",551.5,sc2401
2023-12-12,-1.9,"sc2401,sc2402",550.8,sc2401
2023-12-13,-2.4,"sc2401,sc2402",530.2,sc2401
2023-12-14,-2.2,"sc2401,sc2402",529.5,sc2401
2023-12-15,-2.6,"sc2401,sc2402",542.9,sc2401
2023-12-18,-3.9,"sc2401,sc2402",542.5,sc2401
2023-12-19,-4.3,"sc2401,sc2402",553.8,sc2401
2023-12-20,-4.8,"sc2401,sc2402",556.1,sc2401
2023-12-21,-5.9,"sc2401,sc2402",560.2,sc2401
2023-12-22,-5.2,"sc2401,sc2402",554.9,sc2401
2023-12-25,-5.8,"sc2401,sc2402",552.7,sc2401
2023-12-26,-5.9,"sc2401,sc2402",553.7,sc2401
2023-12-27,-5.5,"sc2401,sc2402",567.3,sc2401
2023-12-28,-6.8,"sc2401,sc2402",560.2,sc2401
2023-12-29,0.8,"sc2401,sc2402",551.2,sc2401
2024-01-02,-3.3,"sc2402,sc2403",547.2,sc2402
2024-01-03,-3.1,"sc2402,sc2403",544.7,sc2402
2024-01-04,-3.2,"sc2402,sc2403",554.3,sc2402
2024-01-05,-3.5,"sc2402,sc2403",552.9,sc2402
2024-01-08,-2.4,"sc2402,sc2403",556.6,sc2402
2024-01-09,-3.3,"sc2402,sc2403",539.0,sc2402
2024-01-10,-3.0,"sc2402,sc2403",553.2,sc2402
2024-01-11,-1.7,"sc2402,sc2403",559.0,sc2402
2024-01-12,-1.3,"sc2402,sc2403",566.1,sc2402
2024-01-15,-2.3,"sc2402,sc2403",562.8,sc2402
2024-01-16,-3.8,"sc2402,sc2403",553.5,sc2402
2024-01-17,-4.0,"sc2402,sc2403",554.5,sc2402
2024-01-18,-4.1,"sc2402,sc2403",550.6,sc2402
2024-01-19,-4.3,"sc2402,sc2403",557.9,sc2402
2024-01-22,-4.8,"sc2402,sc2403",557.9,sc2402
2024-01-23,-5.1,"sc2402,sc2403",564.2,sc2402
2024-01-24,-5.2,"sc2402,sc2403",562.0,sc2402
2024-01-25,-5.0,"sc2402,sc2403",567.7,sc2402
2024-01-26,-5.2,"sc2402,sc2403",579.7,sc2402
2024-01-29,-4.8,"sc2402,sc2403",587.6,sc2402
2024-01-30,-3.7,"sc2402,sc2403",584.8,sc2402
2024-01-31,-6.6,"sc2402,sc2403",577.8,sc2402
2024-02-01,-2.4,"sc2403,sc2404",579.4,sc2403
2024-02-02,-3.0,"sc2403,sc2404",572.2,sc2403
2024-02-05,-3.5,"sc2403,sc2404",555.9,sc2403
2024-02-06,-4.6,"sc2403,sc2404",556.6,sc2403
2024-02-07,-4.5,"sc2403,sc2404",562.1,sc2403
2024-02-08,-5.0,"sc2403,sc2404",567.4,sc2403
2024-02-19,-4.9,"sc2403,sc2404",581.7,sc2403
2024-02-20,-5.7,"sc2403,sc2404",598.7,sc2403
2024-02-21,-6.1,"sc2403,sc2404",592.2,sc2403
2024-02-22,-5.8,"sc2403,sc2404",593.2,sc2403
2024-02-23,-4.8,"sc2403,sc2404",598.7,sc2403
2024-02-26,-0.3,"sc2403,sc2404",595.7,sc2403
2024-02-27,1.3,"sc2403,sc2404",600.4,sc2403
2024-02-28,6.6,"sc2403,sc2404",613.0,sc2403
2024-02-29,4.6,"sc2403,sc2404",613.1,sc2403
2024-03-01,9.3,"sc2404,sc2405",607.0,sc2404
2024-03-04,11.8,"sc2404,sc2405",617.9,sc2404
2024-03-05,12.1,"sc2404,sc2405",615.4,sc2404
2024-03-06,9.6,"sc2404,sc2405",608.9,sc2404
2024-03-07,8.1,"sc2404,sc2405",614.2,sc2404
2024-03-08,7.3,"sc2404,sc2405",613.6,sc2404
2024-03-11,7.6,"sc2404,sc2405",610.0,sc2404
2024-03-12,11.4,"sc2404,sc2405",616.1,sc2404
2024-03-13,13.8,"sc2404,sc2405",621.0,sc2404
2024-03-14,14.4,"sc2404,sc2405",630.5,sc2404
2024-03-15,19.4,"sc2404,sc2405",646.8,sc2404
2024-03-18,7.7,"sc2404,sc2405",635.7,sc2404
2024-03-19,1.1,"sc2404,sc2405",632.9,sc2404
2024-03-20,-1.5,"sc2404,sc2405",637.0,sc2404
2024-03-21,-1.6,"sc2404,sc2405",630.5,sc2404
2024-03-22,-0.3,"sc2404,sc2405",626.7,sc2404
2024-03-25,0.9,"sc2404,sc2405",631.8,sc2404
2024-03-26,0.2,"sc2404,sc2405",636.3,sc2404
2024-03-27,0.9,"sc2404,sc2405",632.5,sc2404
2024-03-28,1.9,"sc2404,sc2405",635.0,sc2404
2024-03-29,7.9,"sc2404,sc2405",651.3,sc2404
2024-04-01,2.9,"sc2405,sc2406",645.2,sc2405
2024-04-02,2.5,"sc2405,sc2406",647.0,sc2405
2024-04-03,2.9,"sc2405,sc2406",656.1,sc2405
2024-04-08,3.8,"sc2405,sc2406",660.8,sc2405
2024-04-09,4.3,"sc2405,sc2406",666.2,sc2405
2024-04-10,3.4,"sc2405,sc2406",662.2,sc2405
2024-04-11,3.0,"sc2405,sc2406",666.3,sc2405
2024-04-12,2.1,"sc2405,sc2406",667.7,sc2405
2024-04-15,1.5,"sc2405,sc2406",670.6,sc2405
2024-04-16,1.7,"sc2405,sc2406",663.9,sc2405
2024-04-17,2.3,"sc2405,sc2406",665.4,sc2405
2024-04-18,3.2,"sc2405,sc2406",652.0,sc2405
2024-04-19,2.1,"sc2405,sc2406",650.8,sc2405
2024-04-22,1.7,"sc2405,sc2406",643.0,sc2405
2024-04-23,3.3,"sc2405,sc2406",640.9,sc2405
2024-04-24,2.6,"sc2405,sc2406",646.7,sc2405
2024-04-25,3.5,"sc2405,sc2406",652.6,sc2405
2024-04-26,-2.8,"sc2405,sc2406",645.9,sc2405
2024-04-29,0.4,"sc2405,sc2406",652.5,sc2405
2024-04-30,3.4,"sc2405,sc2406",649.6,sc2405
2024-05-06,3.0,"sc2406,sc2407",634.0,sc2406
2024-05-07,2.5,"sc2406,sc2407",617.6,sc2406
2024-05-08,2.2,"sc2406,sc2407",615.5,sc2406
2024-05-09,1.2,"sc2406,sc2407",615.8,sc2406
2024-05-10,1.8,"sc2406,sc2407",620.1,sc2406
2024-05-13,2.0,"sc2406,sc2407",616.2,sc2406
2024-05-14,1.7,"sc2406,sc2407",618.2,sc2406
2024-05-15,2.4,"sc2406,sc2407",613.5,sc2406
2024-05-16,2.8,"sc2406,sc2407",610.3,sc2406
2024-05-17,2.9,"sc2406,sc2407",616.5,sc2406
2024-05-20,1.0,"sc2406,sc2407",619.6,sc2406
2024-05-21,-1.2,"sc2406,sc2407",616.6,sc2406
2024-05-22,-2.8,"sc2406,sc2407",607.8,sc2406
2024-05-23,-3.1,"sc2406,sc2407",600.9,sc2406
2024-05-24,-2.5,"sc2406,sc2407",599.3,sc2406
2024-05-27,-3.2,"sc2406,sc2407",602.1,sc2406
2024-05-28,-2.8,"sc2406,sc2407",608.4,sc2406
2024-05-29,-2.2,"sc2406,sc2407",616.2,sc2406
2024-05-30,4.8,"sc2406,sc2407",620.8,sc2406
2024-05-31,2.5,"sc2406,sc2407",607.9,sc2406
2024-06-03,0.3,"sc2407,sc2408",599.7,sc2407
2024-06-04,0.2,"sc2407,sc2408",578.6,sc2407
2024-06-05,0.4,"sc2407,sc2408",570.5,sc2407
2024-06-06,0.8,"sc2407,sc2408",575.3,sc2407
2024-06-07,0.8,"sc2407,sc2408",583.1,sc2407
2024-06-11,1.3,"sc2407,sc2408",589.2,sc2407
2024-06-12,1.6,"sc2407,sc2408",601.9,sc2407
2024-06-13,3.8,"sc2407,sc2408",605.7,sc2407
2024-06-14,4.2,"sc2407,sc2408",606.4,sc2407
2024-06-17,2.9,"sc2407,sc2408",605.1,sc2407
2024-06-18,5.7,"sc2407,sc2408",612.8,sc2407
2024-06-19,5.8,"sc2407,sc2408",620.6,sc2407
2024-06-20,6.0,"sc2407,sc2408",623.6,sc2407
2024-06-21,5.6,"sc2407,sc2408",626.0,sc2407
2024-06-24,7.0,"sc2407,sc2408",625.1,sc2407
2024-06-25,4.6,"sc2407,sc2408",626.6,sc2407
2024-06-26,5.6,"sc2407,sc2408",625.1,sc2407
2024-06-27,3.1,"sc2407,sc2408",621.2,sc2407
2024-06-28,-0.3,"sc2407,sc2408",625.0,sc2407
2024-07-01,2.0,"sc2408,sc2409",623.5,sc2408
2024-07-02,2.1,"sc2408,sc2409",631.1,sc2408
2024-07-03,2.6,"sc2408,sc2409",634.5,sc2408
2024-07-04,2.8,"sc2408,sc2409",634.3,sc2408
2024-07-05,2.4,"sc2408,sc2409",636.8,sc2408
2024-07-08,3.2,"sc2408,sc2409",634.2,sc2408
2024-07-09,3.2,"sc2408,sc2409",626.8,sc2408
2024-07-10,3.1,"sc2408,sc2409",620.2,sc2408
2024-07-11,2.5,"sc2408,sc2409",622.5,sc2408
2024-07-12,2.4,"sc2408,sc2409",620.7,sc2408
2024-07-15,1.5,"sc2408,sc2409",619.8,sc2408
2024-07-16,0.8,"sc2408,sc2409",615.9,sc2408
2024-07-17,-0.1,"sc2408,sc2409",608.1,sc2408
2024-07-18,0.1,"sc2408,sc2409",615.0,sc2408
2024-07-19,-1.3,"sc2408,sc2409",611.1,sc2408
2024-07-22,-2.6,"sc2408,sc2409",600.1,sc2408
2024-07-23,-2.9,"sc2408,sc2409",591.3,sc2408
2024-07-24,-3.7,"sc2408,sc2409",583.6,sc2408
2024-07-25,-4.2,"sc2408,sc2409",584.1,sc2408
2024-07-26,-3.6,"sc2408,sc2409",585.3,sc2408
2024-07-29,-1.3,"sc2408,sc2409",584.7,sc2408
2024-07-30,8.3,"sc2408,sc2409",586.3,sc2408
2024-07-31,7.2,"sc2408,sc2409",581.2,sc2408
2024-08-01,3.6,"sc2409,sc2410",587.9,sc2409
2024-08-02,4.2,"sc2409,sc2410",585.0,sc2409
2024-08-05,3.4,"sc2409,sc2410",555.7,sc2409
2024-08-06,2.3,"sc2409,sc2410",549.7,sc2409
2024-08-07,1.1,"sc2409,sc2410",546.3,sc2409
2024-08-08,0.6,"sc2409,sc2410",555.9,sc2409
2024-08-09,0.8,"sc2409,sc2410",560.4,sc2409
2024-08-12,0.3,"sc2409,sc2410",563.4,sc2409
2024-08-13,1.8,"sc2409,sc2410",576.4,sc2409
2024-08-14,2.9,"sc2409,sc2410",574.7,sc2409
2024-08-15,2.4,"sc2409,sc2410",568.8,sc2409
2024-08-16,0.9,"sc2409,sc2410",574.6,sc2409
2024-08-19,0.6,"sc2409,sc2410",563.2,sc2409
2024-08-20,-1.2,"sc2409,sc2410",551.5,sc2409
2024-08-21,-2.2,"sc2409,sc2410",545.2,sc2409
2024-08-22,-2.4,"sc2409,sc2410",538.9,sc2409
2024-08-23,-4.3,"sc2409,sc2410",540.2,sc2409
2024-08-26,-3.4,"sc2409,sc2410",552.6,sc2409
2024-08-27,-1.8,"sc2409,sc2410",566.9,sc2409
2024-08-28,-3.3,"sc2409,sc2410",557.6,sc2409
2024-08-29,-1.2,"sc2409,sc2410",551.9,sc2409
2024-08-30,5.4,"sc2409,sc2410",563.1,sc2409
2024-09-02,3.0,"sc2410,sc2411",542.6,sc2410
2024-09-03,3.6,"sc2410,sc2411",547.8,sc2410
2024-09-04,2.9,"sc2410,sc2411",526.2,sc2410
2024-09-05,3.6,"sc2410,sc2411",522.2,sc2410
2024-09-06,3.4,"sc2410,sc2411",520.5,sc2410
2024-09-09,2.0,"sc2410,sc2411",511.7,sc2410
2024-09-10,1.5,"sc2410,sc2411",510.9,sc2410
2024-09-11,2.4,"sc2410,sc2411",499.1,sc2410
2024-09-12,2.1,"sc2410,sc2411",505.1,sc2410
2024-09-13,0.7,"sc2410,sc2411",514.0,sc2410
2024-09-18,-0.9,"sc2410,sc2411",514.3,sc2410
2024-09-19,-2.3,"sc2410,sc2411",514.6,sc2410
2024-09-20,-2.4,"sc2410,sc2411",521.9,sc2410
2024-09-23,-2.5,"sc2410,sc2411",520.9,sc2410
2024-09-24,-2.9,"sc2410,sc2411",520.1,sc2410
2024-09-25,-5.0,"sc2410,sc2411",526.2,sc2410
2024-09-26,-1.2,"sc2410,sc2411",532.0,sc2410
2024-09-27,-2.2,"sc2410,sc2411",518.9,sc2410
2024-09-30,-7.3,"sc2410,sc2411",520.7,sc2410
2024-10-08,20.9,"sc2411,sc2412",551.1,sc2411
2024-10-09,12.2,"sc2411,sc2412",564.0,sc2411
2024-10-10,9.1,"sc2411,sc2412",554.3,sc2411
2024-10-11,10.1,"sc2411,sc2412",570.3,sc2411
2024-10-14,13.6,"sc2411,sc2412",574.5,sc2411
2024-10-15,9.0,"sc2411,sc2412",558.8,sc2411
2024-10-16,4.4,"sc2411,sc2412",539.1,sc2411
2024-10-17,2.9,"sc2411,sc2412",537.7,sc2411
2024-10-18,2.4,"sc2411,sc2412",537.0,sc2411
2024-10-21,2.2,"sc2411,sc2412",529.3,sc2411
2024-10-22,2.6,"sc2411,sc2412",535.9,sc2411
2024-10-23,5.9,"sc2411,sc2412",550.4,sc2411
2024-10-24,9.3,"sc2411,sc2412",551.9,sc2411
2024-10-25,7.5,"sc2411,sc2412",543.8,sc2411
2024-10-28,0.5,"sc2411,sc2412",535.9,sc2411
2024-10-29,-3.9,"sc2411,sc2412",512.1,sc2411
2024-10-30,-4.5,"sc2411,sc2412",509.6,sc2411
2024-10-31,3.2,"sc2411,sc2412",524.2,sc2411
2024-11-01,4.3,"sc2412,sc2501",528.3,sc2412
2024-11-04,2.9,"sc2412,sc2501",530.3,sc2412
2024-11-05,2.8,"sc2412,sc2501",536.3,sc2412
2024-11-06,2.3,"sc2412,sc2501",538.6,sc2412
2024-11-07,3.0,"sc2412,sc2501",540.4,sc2412
2024-11-08,2.5,"sc2412,sc2501",539.0,sc2412
2024-11-11,1.5,"sc2412,sc2501",532.2,sc2412
2024-11-12,1.4,"sc2412,sc2501",521.6,sc2412
2024-11-13,3.3,"sc2412,sc2501",525.7,sc2412
2024-11-14,3.5,"sc2412,sc2501",523.6,sc2412
2024-11-15,3.0,"sc2412,sc2501",526.5,sc2412
2024-11-18,3.4,"sc2412,sc2501",520.0,sc2412
2024-11-19,3.0,"sc2412,sc2501",527.7,sc2412
2024-11-20,3.5,"sc2412,sc2501",531.5,sc2412
2024-11-21,6.5,"sc2412,sc2501",536.0,sc2412
2024-11-22,7.8,"sc2412,sc2501",543.9,sc2412
2024-11-25,2.9,"sc2412,sc2501",542.6,sc2412
2024-11-26,2.0,"sc2412,sc2501",533.0,sc2412
2024-11-27,1.7,"sc2412,sc2501",531.6,sc2412
2024-11-28,3.8,"sc2412,sc2501",531.2,sc2412
2024-11-29,-8.5,"sc2412,sc2501",520.4,sc2412
2024-12-02,3.4,"sc2501,sc2502",529.9,sc2501
2024-12-03,3.6,"sc2501,sc2502",529.9,sc2501
2024-12-04,3.4,"sc2501,sc2502",538.2,sc2501
2024-12-05,3.8,"sc2501,sc2502",535.4,sc2501
2024-12-06,3.6,"sc2501,sc2502",528.3,sc2501
2024-12-09,2.6,"sc2501,sc2502",522.1,sc2501
2024-12-10,3.5,"sc2501,sc2502",529.5,sc2501
2024-12-11,2.9,"sc2501,sc2502",530.6,sc2501
2024-12-12,2.9,"sc2501,sc2502",537.7,sc2501
2024-12-13,5.1,"sc2501,sc2502",542.5,sc2501
2024-12-16,3.6,"sc2501,sc2502",548.9,sc2501
2024-12-17,2.4,"sc2501,sc2502",548.7,sc2501
2024-12-18,3.4,"sc2501,sc2502",543.8,sc2501
2024-12-19,4.2,"sc2501,sc2502",548.5,sc2501
2024-12-20,5.5,"sc2501,sc2502",546.1,sc2501
2024-12-23,4.5,"sc2501,sc2502",543.7,sc2501
2024-12-24,3.5,"sc2501,sc2502",542.5,sc2501
2024-12-25,2.8,"sc2501,sc2502",548.5,sc2501
2024-12-26,4.9,"sc2501,sc2502",551.9,sc2501
2024-12-27,4.9,"sc2501,sc2502",552.8,sc2501
2024-12-30,0.4,"sc2501,sc2502",550.0,sc2501
2024-12-31,-5.6,"sc2501,sc2502",549.8,sc2501
2025-01-02,3.4,"sc2502,sc2503",560.9,sc2502
2025-01-03,3.4,"sc2502,sc2503",571.1,sc2502
2025-01-06,4.8,"sc2502,sc2503",577.2,sc2502
2025-01-07,7.1,"sc2502,sc2503",579.6,sc2502
2025-01-08,12.2,"sc2502,sc2503",587.8,sc2502
2025-01-09,12.7,"sc2502,sc2503",583.6,sc2502
2025-01-10,11.1,"sc2502,sc2503",586.1,sc2502
2025-01-13,10.0,"sc2502,sc2503",613.7,sc2502
2025-01-14,10.4,"sc2502,sc2503",620.4,sc2502
2025-01-15,9.3,"sc2502,sc2503",630.8,sc2502
2025-01-16,11.2,"sc2502,sc2503",644.3,sc2502
2025-01-17,13.0,"sc2502,sc2503",642.2,sc2502
2025-01-20,16.0,"sc2502,sc2503",640.8,sc2502
2025-01-21,41.8,"sc2502,sc2503",661.0,sc2502
2025-01-22,63.1,"sc2502,sc2503",680.6,sc2502
2025-01-23,65.8,"sc2502,sc2503",683.2,sc2502
2025-01-24,38.2,"sc2502,sc2503",647.7,sc2502
2025-01-27,19.0,"sc2502,sc2503",621.0,sc2502
2025-02-05,11.7,"sc2503,sc2504",602.3,sc2503
2025-02-06,16.0,"sc2503,sc2504",598.2,sc2503
2025-02-07,17.3,"sc2503,sc2504",599.7,sc2503
2025-02-10,22.7,"sc2503,sc2504",606.4,sc2503
2025-02-11,28.6,"sc2503,sc2504",616.8,sc2503
2025-02-12,27.8,"sc2503,sc2504",620.5,sc2503
2025-02-13,28.4,"sc2503,sc2504",605.1,sc2503
2025-02-14,27.2,"sc2503,sc2504",594.0,sc2503
2025-02-17,40.2,"sc2503,sc2504",602.5,sc2503
2025-02-18,45.3,"sc2503,sc2504",605.6,sc2503
2025-02-19,51.5,"sc2503,sc2504",614.3,sc2503
